WKT,objectid,facilityid,accountid,metservice,servicetype,installdate,locdesc,rotation,locationid,critical,enabled,activeflag,ownedby,maintby,lastupdate,lasteditor,globalid,comments,doc_name,status,ResourceID
POINT (-122.415190204125 37.8092175596782),1,,,,,,,,,,1,,1,,2011-03-02T00:00:00.000,JS,{9B43E0BD-4ED1-47C7-BFC3-231F49AF91B9}, STATUS PER PORT PLUMBER DAVE RAUENBUHLER,,ACT,9B43E0BD-4ED1-47C7-BFC3-231F49AF91B9
POINT (-122.399382303399 37.8024489803911),2,,,,SWSC,,,,,,1,,1,,,,{5EB43FF3-8604-4342-8E13-8F5B0AA772FD}, ,P19-Water&Power.pdf,UNK,5EB43FF3-8604-4342-8E13-8F5B0AA772FD
POINT (-122.39885755336 37.8027398281944),3,,,,SWSC,,,,,,1,,1,,,,{CBFC6103-C820-46A7-8AEB-FE5316CBB2D8}, ,P19-Water&Power.pdf,UNK,CBFC6103-C820-46A7-8AEB-FE5316CBB2D8
POINT (-122.399143710637 37.8030665073392),4,,,,SWSC,,,,,,1,,1,,,,{8D3D73E2-E6EF-4CB8-9A6F-C1DF26343401}, ,P19-Water&Power.pdf,UNK,8D3D73E2-E6EF-4CB8-9A6F-C1DF26343401
POINT (-122.398068295207 37.8036534232146),5,,,,SWSC,,,,,,1,,1,,,,{1CB9AB11-4D59-4C3D-86A1-8A29FD57D6EC}, ,P19-Water&Power.pdf,UNK,1CB9AB11-4D59-4C3D-86A1-8A29FD57D6EC
POINT (-122.398603990444 37.8033709283509),6,,,,SWSC,,,,,,1,,1,,,,{91C55964-8624-4B1F-93D4-321FCB6979F2}, ,P19-Water&Power.pdf,UNK,91C55964-8624-4B1F-93D4-321FCB6979F2
POINT (-122.417162118013 37.8084952583038),7,,,,HOSEBIB,,,,,,1,,1,,,,{37C2AF02-F46E-406E-ACBB-1B85DB54B1EE},".75"" DIA PIPE FISHERMAN'S WHARF HOSE BIBBS",,ACT,37C2AF02-F46E-406E-ACBB-1B85DB54B1EE
POINT (-122.417159297147 37.8085501365598),8,,,,HOSEBIB,,,,,,1,,1,,,,{EB0E42FF-22F2-44DD-83ED-C1CBCF889489},".75"" DIA PIPE FISHERMAN'S WHARF HOSE BIBBS",,ACT,EB0E42FF-22F2-44DD-83ED-C1CBCF889489
POINT (-122.417096832926 37.8085435042446),9,,,,HOSEBIB,,,,,,1,,1,,,,{67315280-6B4E-47A1-80EF-BD5D934C6EB2},".75"" DIA PIPE FISHERMAN'S WHARF HOSE BIBBS",,ACT,67315280-6B4E-47A1-80EF-BD5D934C6EB2
POINT (-122.417126120431 37.8084957542346),10,,,,HOSEBIB,,,,,,1,,1,,,,{72AE71FD-795D-4E03-8D75-0F063108DCF5},".75"" DIA PIPE FISHERMAN'S WHARF HOSE BIBBS",,ACT,72AE71FD-795D-4E03-8D75-0F063108DCF5
POINT (-122.400616237678 37.8059286617103),11,,,,SWSC,1967-07-01T00:00:00.000,,,,,1,,1,,2010-11-17T00:00:00.000,JS,{47610455-3105-474B-B193-621467BD0864}, Ship Water Service Connection,7428-27-1,ACT,47610455-3105-474B-B193-621467BD0864
POINT (-122.400906498039 37.80509112893),12,,,,HOSEBIB,1967-07-01T00:00:00.000,,,,,1,,1,,2010-11-17T00:00:00.000,JS,{B45630AD-250C-45C4-9286-B1D532E18EF6}, Thru deck to SWSC,7428-27-1,ACT,B45630AD-250C-45C4-9286-B1D532E18EF6
POINT (-122.400737969831 37.8050750982567),13,,,,SWSC,1967-07-01T00:00:00.000,,,,,1,,1,,2010-11-17T00:00:00.000,JS,{67F247B8-6BF5-4B19-9A9F-B31E18431DB4}, Ship Water Service Connection,7428-27-1,ACT,67F247B8-6BF5-4B19-9A9F-B31E18431DB4
POINT (-122.401034284578 37.8042788851318),14,,,,HOSEBIB,1967-07-01T00:00:00.000,,,,,1,,1,,2010-11-17T00:00:00.000,JS,{75FABC4A-AFB7-4AF6-B78B-1D7BB60CC2A1}, Thru deck to SWSC,7428-27-1,ACT,75FABC4A-AFB7-4AF6-B78B-1D7BB60CC2A1
POINT (-122.400860672643 37.8042630159145),15,,,,SWSC,1967-07-01T00:00:00.000,,,,,1,,1,,2010-11-17T00:00:00.000,JS,{130EC274-6988-4369-AD41-4C9A2B67F174}, Ship Water Service Connection,7428-27-1,ACT,130EC274-6988-4369-AD41-4C9A2B67F174
POINT (-122.401816307775 37.8068797443916),16,,,,SWSC,1967-07-01T00:00:00.000,,,,,1,,1,,2010-11-17T00:00:00.000,JS,{DECA3F38-1894-4937-8FA1-D7FD12DD5F3A}, Ship Water Service Connection,7428-27-1,ACT,DECA3F38-1894-4937-8FA1-D7FD12DD5F3A
POINT (-122.402492664041 37.8062923009729),17,,,,SWSC,1967-07-01T00:00:00.000,,,,,1,,1,,2010-11-17T00:00:00.000,JS,{87D95787-F5EF-4394-AB37-7CC634565D94}, Ship Water Service Connection,7428-27-1,ACT,87D95787-F5EF-4394-AB37-7CC634565D94
POINT (-122.398754798772 37.8039521022932),18,,,,SWSC,,,,,,1,,1,,,,{1F749331-C059-4E88-8BEC-FB4F997E2C9D}, ,,ACT,1F749331-C059-4E88-8BEC-FB4F997E2C9D
POINT (-122.399049791786 37.8042600141262),19,,,,SWSC,,,,,,1,,1,,,,{1A2C4A99-6397-4880-A2B3-9FB3963FE542}, ,,ACT,1A2C4A99-6397-4880-A2B3-9FB3963FE542
POINT (-122.399656895467 37.8038991833108),20,,,,SWSC,,,,,,1,,1,,,,{7950434B-CCA0-46EE-ABCA-879206ADD45E}, ,,ACT,7950434B-CCA0-46EE-ABCA-879206ADD45E
POINT (-122.399367931125 37.8035891733773),21,,,,SWSC,,,,,,1,,1,,,,{3F05AA44-625A-4F91-BB9D-5F815C53801A}, ,,ACT,3F05AA44-625A-4F91-BB9D-5F815C53801A
POINT (-122.397209956769 37.8001134215234),22,,,,SWSC,,,,,,1,,1,,2010-11-17T00:00:00.000,JS,{1CC28146-29F5-4313-9A14-1A44E732516F}, ,,ACT,1CC28146-29F5-4313-9A14-1A44E732516F
POINT (-122.387803244762 37.7889107841478),23,,,,METER,,,,,,1,,1,,,,{7227DCAC-5196-4497-AFC8-45D7C7CA9C34},"""12"" Det. ck. & Byp Meter"" ",97800001.tif,UNK,7227DCAC-5196-4497-AFC8-45D7C7CA9C34
POINT (-122.397385402587 37.8000561802142),24,,,,SWSC,,,,,,1,,1,,2010-11-17T00:00:00.000,JS,{36F2E2B4-BFDE-4FB3-9E9D-2507D59E62B2}, ,,UNK,36F2E2B4-BFDE-4FB3-9E9D-2507D59E62B2
POINT (-122.397114293603 37.8007103675235),25,,,,SWSC,,,,,,1,,1,,2010-11-17T00:00:00.000,JS,{C6C88EF2-C97F-489A-BB20-89A8A2FE3311}, ,,UNK,C6C88EF2-C97F-489A-BB20-89A8A2FE3311
POINT (-122.396814799509 37.8003762432538),26,,,,SWSC,,,,,,1,,1,,2010-11-17T00:00:00.000,JS,{D02D8882-9715-4CB5-88B0-923949B25F86}, ,,UNK,D02D8882-9715-4CB5-88B0-923949B25F86
POINT (-122.396269895342 37.8006852316066),27,,,,SWSC,,,,,,1,,1,,2010-11-17T00:00:00.000,JS,{C3941FFB-E0E1-48CE-8926-DD683BBEBFE5}, ,,UNK,C3941FFB-E0E1-48CE-8926-DD683BBEBFE5
POINT (-122.396566491792 37.8010160594376),28,,,,SWSC,,,,,,1,,1,,2010-11-17T00:00:00.000,JS,{1F6E0A22-5E97-4E96-BE4A-523A7B7838DD}, ,,UNK,1F6E0A22-5E97-4E96-BE4A-523A7B7838DD
POINT (-122.417056072893 37.8085433124381),29,,,,HOSEBIB,,,,,,1,,1,,,,{195B5027-5135-4FD1-9225-2731E7637426},".75"" DIA PIPE FISHERMAN'S WHARF HOSE BIBBS",,ACT,195B5027-5135-4FD1-9225-2731E7637426
POINT (-122.417038156814 37.8084920859091),30,,,,HOSEBIB,,,,,,1,,1,,,,{63CCFCE7-05EB-46AD-947A-3074352C9208},".75"" DIA PIPE FISHERMAN'S WHARF HOSE BIBBS",,ACT,63CCFCE7-05EB-46AD-947A-3074352C9208
POINT (-122.416999046774 37.8085407471628),31,,,,HOSEBIB,,,,,,1,,1,,,,{F72784C5-8B29-45C1-BCF6-EFD6F672F66C},".75"" DIA PIPE FISHERMAN'S WHARF HOSE BIBBS",,ACT,F72784C5-8B29-45C1-BCF6-EFD6F672F66C
POINT (-122.416952584882 37.8085396900112),32,,,,HOSEBIB,,,,,,1,,1,,,,{29AEF2DC-EAD2-44D2-9146-1855EE9F279B},".75"" DIA PIPE FISHERMAN'S WHARF HOSE BIBBS",,ACT,29AEF2DC-EAD2-44D2-9146-1855EE9F279B
POINT (-122.416949271591 37.8084908216087),33,,,,HOSEBIB,,,,,,1,,1,,,,{0CF1FBDE-8059-44E0-AA29-F05196D991F3},".75"" DIA PIPE FISHERMAN'S WHARF HOSE BIBBS",,ACT,0CF1FBDE-8059-44E0-AA29-F05196D991F3
POINT (-122.416907820731 37.808538352007),34,,,,HOSEBIB,,,,,,1,,1,,,,{BE980C5C-3934-4B14-8CBD-AC6B6CC47773},".75"" DIA PIPE FISHERMAN'S WHARF HOSE BIBBS",,ACT,BE980C5C-3934-4B14-8CBD-AC6B6CC47773
POINT (-122.416870411351 37.8085374459908),35,,,,HOSEBIB,,,,,,1,,1,,,,{FF77E920-24E0-43D9-852F-85C737FDAA7F},".75"" DIA PIPE FISHERMAN'S WHARF HOSE BIBBS",,ACT,FF77E920-24E0-43D9-852F-85C737FDAA7F
POINT (-122.416819190957 37.8085383604723),36,,,,HOSEBIB,,,,,,1,,1,,,,{5FBA8EB3-2867-4EA4-B433-AAE8A4EA43EE},".75"" DIA PIPE FISHERMAN'S WHARF HOSE BIBBS",,ACT,5FBA8EB3-2867-4EA4-B433-AAE8A4EA43EE
POINT (-122.416759767234 37.808483319567),37,,,,HOSEBIB,,,,,,1,,1,,,,{F1D482CC-9556-4AF0-8C4E-921B62E4E7E1},".75"" DIA PIPE FISHERMAN'S WHARF HOSE BIBBS",,ACT,F1D482CC-9556-4AF0-8C4E-921B62E4E7E1
POINT (-122.416724498141 37.808536756907),38,,,,HOSEBIB,,,,,,1,,1,,,,{143CC13C-F43A-4FE9-AF97-1C941B36ED0C},".75"" DIA PIPE FISHERMAN'S WHARF HOSE BIBBS",,ACT,143CC13C-F43A-4FE9-AF97-1C941B36ED0C
POINT (-122.416661992137 37.8084788749602),39,,,,HOSEBIB,,,,,,1,,1,,,,{A250F113-4821-48F3-9507-5DD76CCBF74E},".75"" DIA PIPE FISHERMAN'S WHARF HOSE BIBBS",,ACT,A250F113-4821-48F3-9507-5DD76CCBF74E
POINT (-122.416634559068 37.8085371325769),40,,,,HOSEBIB,,,,,,1,,1,,,,{22AC4FC5-2834-40BD-8B07-6390536655B0},".75"" DIA PIPE FISHERMAN'S WHARF HOSE BIBBS",,ACT,22AC4FC5-2834-40BD-8B07-6390536655B0
POINT (-122.416589634171 37.8085332196003),41,,,,HOSEBIB,,,,,,1,,1,,,,{81281900-F87B-497D-B2ED-0021B63766C6},".75"" DIA PIPE FISHERMAN'S WHARF HOSE BIBBS",,ACT,81281900-F87B-497D-B2ED-0021B63766C6
POINT (-122.416571622581 37.8084768288149),42,,,,HOSEBIB,,,,,,1,,1,,,,{524018A3-3B52-44CD-94FA-F409C0871A66},".75"" DIA PIPE FISHERMAN'S WHARF HOSE BIBBS",,ACT,524018A3-3B52-44CD-94FA-F409C0871A66
POINT (-122.416480434564 37.8084726906708),43,,,,HOSEBIB,,,,,,1,,1,,,,{CCF6785E-F2E1-4D0D-B96D-A0C47DE5B3A9},".75"" DIA PIPE FISHERMAN'S WHARF HOSE BIBBS",,ACT,CCF6785E-F2E1-4D0D-B96D-A0C47DE5B3A9
POINT (-122.385347682106 37.7897444962028),44,,,,SWSC,1937-07-01T00:00:00.000,,,,,1,,1,,2010-12-01T00:00:00.000,JS,{FA128BFF-5DDE-4A57-B20B-2C1ADDEC7CDA}, FIRE BOAT CONNECTION,,ACT,FA128BFF-5DDE-4A57-B20B-2C1ADDEC7CDA
POINT (-122.415745728431 37.8093933767241),45,,,,SWSC,,,,,,1,,1,,2010-12-02T00:00:00.000,JS,{EB5C4CDB-581C-49E6-BB26-E6BCEFD66031}, ,301-2.tif,INACT,EB5C4CDB-581C-49E6-BB26-E6BCEFD66031
POINT (-122.416343096825 37.8097877579132),46,,,,SWSC,,,,,,1,,1,,2010-12-02T00:00:00.000,JS,{E6671612-CBE2-44C6-83A0-DF8ED966465D}, ,301-2.tif,INACT,E6671612-CBE2-44C6-83A0-DF8ED966465D
POINT (-122.416856270245 37.8101265489226),47,,,,SWSC,,,,,,1,,1,,2010-12-02T00:00:00.000,JS,{5AD9EF6D-17FC-441F-9309-E69014772ADB}, ,301-2.tif,INACT,5AD9EF6D-17FC-441F-9309-E69014772ADB
POINT (-122.41738516522 37.8104751054408),48,,,,SWSC,,,,,,1,,1,,2010-12-02T00:00:00.000,JS,{54EC5EEC-4E13-408F-A7B9-13BCE3227FCE}, ,301-2.tif,INACT,54EC5EEC-4E13-408F-A7B9-13BCE3227FCE
POINT (-122.417613653434 37.8093150231924),49,,,,SWSC,,,,,,1,,1,,2010-12-02T00:00:00.000,JS,{4C2A3EF7-4769-40FB-B706-0C18A71181E7}, ,301-2.tif,INACT,4C2A3EF7-4769-40FB-B706-0C18A71181E7
POINT (-122.418019527827 37.8095804206521),50,,,,SWSC,,,,,,1,,1,,2010-12-02T00:00:00.000,JS,{657DA942-2B48-4DEF-BC73-81F89D6E5AF8}, ,301-2.tif,INACT,657DA942-2B48-4DEF-BC73-81F89D6E5AF8
POINT (-122.383549034574 37.7698334376583),51,,,,SWSC,,,,,,1,,1,,2011-03-08T00:00:00.000,JS,{D5D42CCE-E423-49E7-BB2B-2D7AE50DC021}, ,00104028+4029,ACT,D5D42CCE-E423-49E7-BB2B-2D7AE50DC021
POINT (-122.396544411935 37.7985562074365),52,,,,METER,,,,,,1,,1,,2010-11-17T00:00:00.000,JS,{F26BA947-5256-4230-8BE8-9CDCCAE2A8F2},PER DAVE R.; PORT PLUMBER PER DAVE R.; PORT PLUMBER,,ACT,F26BA947-5256-4230-8BE8-9CDCCAE2A8F2
POINT (-122.395851627259 37.801292001894),53,,,,METER,,,,,,1,,1,,2011-03-08T00:00:00.000,JS,{093D9F26-315E-421A-842B-0040151804C3}, LOC PER DAVE R. PORT PLUMBER,,ACT,093D9F26-315E-421A-842B-0040151804C3
POINT (-122.394288359109 37.8001088597442),54,,,,HOSEBIB,,,,,,1,,1,,2011-02-11T00:00:00.000,JS,{7BD8A90F-EF48-4061-9C48-A5846F9BC9F8}, ,,INACT,7BD8A90F-EF48-4061-9C48-A5846F9BC9F8
POINT (-122.399854200925 37.8033046984478),55,,,,SWSC,,,,,,1,,1,,,,{70868FE2-1477-450F-AB68-1FE2EAD8D843}, ,,UNK,70868FE2-1477-450F-AB68-1FE2EAD8D843
POINT (-122.382047590487 37.7470700192505),56,,,,SWSC,,,,,,1,,1,,2011-02-14T00:00:00.000,JS,{C6546457-B3A8-444E-B83B-B9FA4E59D047}, ,,INACT,C6546457-B3A8-444E-B83B-B9FA4E59D047
POINT (-122.410413305065 37.811411958144),57,,,,SWSC,,,,,,1,,1,,2011-02-16T00:00:00.000,JS,{EA6F579B-7945-40CD-AA02-FBD379332AC4}, URI INSP ONLY SOURCE,,ACT,EA6F579B-7945-40CD-AA02-FBD379332AC4
POINT (-122.410406386987 37.8113993712563),58,,,,SWSC,,,,,,1,,1,,2011-02-16T00:00:00.000,JS,{7FB311C6-4642-427C-AB46-3F83023FB453}, URI INSP ONLY SOURCE,,ACT,7FB311C6-4642-427C-AB46-3F83023FB453
POINT (-122.414949626014 37.8093073208179),59,,,,SWSC,,,,,,1,,1,,2011-03-03T00:00:00.000,JS,{D2CFFCE2-E07E-495C-9B08-1159029E7F0A}, LOCATION ASSUMED BY PORT PLUMBER DAVE RAUENBUHLER,,ACT,D2CFFCE2-E07E-495C-9B08-1159029E7F0A
POINT (-122.418073523406 37.8109598088128),60,,,,SWSC,,,,,,1,,1,,2011-03-04T00:00:00.000,JS,{06E8B3D5-B5C4-41B2-9C27-E1AF8DA2757D}, LOCATION PER PORT PLUMBER DAVE RAUENBUHLER,,ACT,06E8B3D5-B5C4-41B2-9C27-E1AF8DA2757D
POINT (-122.399665716883 37.8027720733293),61,,,,SWSC,,,,,,1,,1,,,,{B805227E-FA24-41E3-A24E-AB15C533CFB0}, ,P19-Water&Power.pdf,UNK,B805227E-FA24-41E3-A24E-AB15C533CFB0
POINT (-122.398300736769 37.8030265160824),62,,,,SWSC,,,,,,1,,1,,,,{5E17C426-4F31-4A04-904D-A924163670D0}, ,P19-Water&Power.pdf,UNK,5E17C426-4F31-4A04-904D-A924163670D0
POINT (-122.397771126008 37.8033232616379),63,,,,SWSC,,,,,,1,,1,,,,{E3AECD01-51E2-4853-981C-85523AC74C1A}, ,P19-Water&Power.pdf,UNK,E3AECD01-51E2-4853-981C-85523AC74C1A
POINT (-122.385187032249 37.7893481287851),64,,,,SWSC,1937-07-01T00:00:00.000,,,,,1,,1,,2010-12-01T00:00:00.000,JS,{B76C97C4-5670-44B3-AB23-85C23AC1805F}, FIRE BOAT CONNECTION,,ACT,B76C97C4-5670-44B3-AB23-85C23AC1805F
POINT (-122.416334937642 37.8085211707333),65,,,,HOSEBIB,,,,,,1,,1,,,,{4854B46E-27D1-4D5C-AD2F-D92A55711613},".75"" DIA PIPE FISHERMAN'S WHARF HOSE BIBBS",,ACT,4854B46E-27D1-4D5C-AD2F-D92A55711613
POINT (-122.416221371143 37.8085347226866),66,,,,HOSEBIB,,,,,,1,,1,,,,{7BA48CC3-755B-4E12-9358-8045D8D25475},".75"" DIA PIPE FISHERMAN'S WHARF HOSE BIBBS",,ACT,7BA48CC3-755B-4E12-9358-8045D8D25475
POINT (-122.400658083553 37.806768665227),67,,,,HOSEBIB,1967-07-01T00:00:00.000,,,,,1,,1,,2010-11-17T00:00:00.000,JS,{4F1F6642-B243-4540-9AB9-D5124C930C03}, Thru deck to SWSC,7428-27-1,ACT,4F1F6642-B243-4540-9AB9-D5124C930C03
POINT (-122.400480202652 37.8067810043935),68,,,,SWSC,1967-07-01T00:00:00.000,,,,,1,,1,,2010-11-17T00:00:00.000,JS,{33A84A3E-C94C-4A40-8F0C-8977CAB381F0}, Ship Water Service Connection,7428-27-1,ACT,33A84A3E-C94C-4A40-8F0C-8977CAB381F0
POINT (-122.400786982428 37.8059449028914),69,,,,HOSEBIB,1967-07-01T00:00:00.000,,,,,1,,1,,2010-11-17T00:00:00.000,JS,{9C74EA50-FA58-44D5-815C-8825BEA6FD0D}, Thru deck to SWSC,7428-27-1,ACT,9C74EA50-FA58-44D5-815C-8825BEA6FD0D
POINT (-122.381742614451 37.7738966053491),70,,,,SWSC,,,,,,1,,1,,2010-12-08T00:00:00.000,JS,{A823227D-F28B-4CF9-A95B-BF34D1CD0F68}, ,5616-50-1.tif,ACT,A823227D-F28B-4CF9-A95B-BF34D1CD0F68
POINT (-122.381606397566 37.7728502432439),71,,,,SWSC,,,,,,1,,1,,2010-12-08T00:00:00.000,JS,{8CDE0147-6B63-4395-AF34-0EC1BA79D106}, ,5616-50-1.tif,ACT,8CDE0147-6B63-4395-AF34-0EC1BA79D106
POINT (-122.403076689783 37.8052538201572),72,,,,METER,,,,,,1,,8,,,,{51030A9F-B0B8-4601-BD05-6C6AFDD8CAE9},Port,,ACT,51030A9F-B0B8-4601-BD05-6C6AFDD8CAE9
POINT (-122.402244293248 37.8063456232521),73,,,,METER,,,,,,1,,8,,,,{955B21E1-D9E7-44BE-89CE-C8C8DBCB7B6C},,,ACT,955B21E1-D9E7-44BE-89CE-C8C8DBCB7B6C
POINT (-122.402112186074 37.8044839431155),74,,,,METER,,,,,,1,,8,,,,{5E674762-C67F-48D6-9AF7-CD2638117C6C},,,ACT,5E674762-C67F-48D6-9AF7-CD2638117C6C
POINT (-122.402429333196 37.8046860587589),75,,,,METER,,,,,,1,,8,,,,{DECF1999-D8AF-4585-8B42-CA80421D60FC},,,ACT,DECF1999-D8AF-4585-8B42-CA80421D60FC
POINT (-122.402466274751 37.8047126333902),76,,,,METER,,,,,,1,,8,,,,{2A054686-78D4-4D0C-B43F-AF91624E762A},,,ACT,2A054686-78D4-4D0C-B43F-AF91624E762A
POINT (-122.403142792433 37.8052008987883),77,,,,METER,,,,,,1,,8,,,,{345B25A9-D41E-4BE1-BD47-C5864BF19A6E},,,ACT,345B25A9-D41E-4BE1-BD47-C5864BF19A6E
POINT (-122.403128482777 37.8051903881942),78,,,,METER,,,,,,1,,8,,,,{107AFF27-15D8-40D9-8B11-06F6CC2843B1},,,ACT,107AFF27-15D8-40D9-8B11-06F6CC2843B1
POINT (-122.403137663184 37.8051975407436),79,,,,METER,,,,,,1,,8,,,,{F2D797D8-D2BD-4D68-AF97-878FEF5EDDBF},,,ACT,F2D797D8-D2BD-4D68-AF97-878FEF5EDDBF
POINT (-122.403133705118 37.8051943647689),80,,,,METER,,,,,,1,,8,,,,{441B3C13-F96A-43C5-A7E9-E275BF601534},,,ACT,441B3C13-F96A-43C5-A7E9-E275BF601534
POINT (-122.403003470526 37.8075589413413),81,,,,METER,,,,,,1,,8,,,,{310F0011-4D78-4746-AE09-CC179277483B},,,ACT,310F0011-4D78-4746-AE09-CC179277483B
POINT (-122.404133784368 37.8059331389446),82,,,,METER,,,,,,1,,8,,,,{A97540A2-0EF4-4B32-900D-AED2544184FE},,,ACT,A97540A2-0EF4-4B32-900D-AED2544184FE
POINT (-122.404172172099 37.8059513481135),83,,,,METER,,,,,,1,,8,,,,{4FE00D9C-E1AE-40F2-A778-8CD0FE6886C5},,,ACT,4FE00D9C-E1AE-40F2-A778-8CD0FE6886C5
POINT (-122.404181112997 37.8059578348525),84,,,,METER,,,,,,1,,8,,,,{EA0F3A6A-A266-422A-838C-55E13E26F37B},,,ACT,EA0F3A6A-A266-422A-838C-55E13E26F37B
POINT (-122.40417664198 37.8059545914923),85,,,,METER,,,,,,1,,8,,,,{4A81AB14-7D6F-4982-80A8-51F57F1DE99B},,,ACT,4A81AB14-7D6F-4982-80A8-51F57F1DE99B
POINT (-122.405073200101 37.8065144305701),86,,,,METER,,,,,,1,,8,,,,{A40CBB6D-A718-48C3-8E59-1CA1295BA9E7},,,ACT,A40CBB6D-A718-48C3-8E59-1CA1295BA9E7
POINT (-122.405080188674 37.8065179549619),87,,,,METER,,,,,,1,,8,,,,{8CDC305C-D0A9-47CA-BD78-9088846C617C},,,ACT,8CDC305C-D0A9-47CA-BD78-9088846C617C
POINT (-122.405085300378 37.8065205336614),88,,,,METER,,,,,,1,,8,,,,{8FDCDC5E-935B-4CD7-AB29-50B88CA07B20},,,ACT,8FDCDC5E-935B-4CD7-AB29-50B88CA07B20
POINT (-122.405100635492 37.8065282697588),89,,,,METER,,,,,,1,,8,,,,{DB013AAB-17AC-4250-91EB-D0980D70D099},,,ACT,DB013AAB-17AC-4250-91EB-D0980D70D099
POINT (-122.405090412082 37.8065231123608),90,,,,METER,,,,,,1,,8,,,,{9224DB5A-40C5-4427-B35C-42CB2B344FD3},,,ACT,9224DB5A-40C5-4427-B35C-42CB2B344FD3
POINT (-122.405095523787 37.8065256910599),91,,,,METER,,,,,,1,,8,,,,{EA97F4FA-411F-4DE4-9B4E-E884C620A912},,,ACT,EA97F4FA-411F-4DE4-9B4E-E884C620A912
POINT (-122.405107048947 37.8066181834493),92,,,,METER,,,,,,1,,8,,,,{20A9B468-9C90-4351-9D66-3C1DC3D0D49A},,,ACT,20A9B468-9C90-4351-9D66-3C1DC3D0D49A
POINT (-122.404885639606 37.8065101342192),93,,,,METER,,,,,,1,,8,,,,{48B6C811-93B2-400F-B94C-B68D49F70161},,,ACT,48B6C811-93B2-400F-B94C-B68D49F70161
POINT (-122.404848937648 37.8071536559698),94,,,,METER,,,,,,1,,8,,,,{111A071F-B3DF-4441-97D7-CB09DC7FA506},,,ACT,111A071F-B3DF-4441-97D7-CB09DC7FA506
POINT (-122.404785665197 37.8073086287363),95,,,,METER,,,,,,1,,8,,,,{C0219582-D4F6-4134-BCF5-8C2683000CE2},,,ACT,C0219582-D4F6-4134-BCF5-8C2683000CE2
POINT (-122.404836795276 37.8074240670238),96,,,,METER,,,,,,1,,8,,,,{9DFA9E45-E980-4D1C-814D-208B510C3370},,,ACT,9DFA9E45-E980-4D1C-814D-208B510C3370
POINT (-122.404737744748 37.8073882359423),97,,,,METER,,,,,,1,,8,,,,{09491330-2A02-4402-B88B-E9EB2855E8D4},,,ACT,09491330-2A02-4402-B88B-E9EB2855E8D4
POINT (-122.404628920924 37.8076337200093),98,,,,METER,,,,,,1,,8,,,,{9BD78E72-5B32-4B84-8E02-E999BEBE9A45},,,ACT,9BD78E72-5B32-4B84-8E02-E999BEBE9A45
POINT (-122.404560695687 37.807790618287),99,,,,METER,,,,,,1,,8,,,,{9F0AE940-5D60-4632-92FC-244856F5DBD3},,,ACT,9F0AE940-5D60-4632-92FC-244856F5DBD3
POINT (-122.404452693025 37.8080262702221),100,,,,METER,,,,,,1,,8,,,,{6FDDF94B-2D11-4790-923C-DED468CE2B2D},,,ACT,6FDDF94B-2D11-4790-923C-DED468CE2B2D
POINT (-122.404228431225 37.8085236194949),101,,,,METER,,,,,,1,,8,,,,{B993CEEF-AF27-42C2-8984-7D4B3C9B0EDA},,,ACT,B993CEEF-AF27-42C2-8984-7D4B3C9B0EDA
POINT (-122.404451405222 37.8082862465279),102,,,,METER,,,,,,1,,8,,,,{8C12C194-AEF3-4A7F-AB72-7DF2BCE141D9},,,ACT,8C12C194-AEF3-4A7F-AB72-7DF2BCE141D9
POINT (-122.40455679219 37.808056301851),103,,,,METER,,,,,,1,,8,,,,{209B3323-0E38-4254-AFB5-450271BD0832},,,ACT,209B3323-0E38-4254-AFB5-450271BD0832
POINT (-122.404721020699 37.8079390654566),104,,,,METER,,,,,,1,,8,,,,{B742AD93-DE51-4707-B222-122B74AC9506},,,ACT,B742AD93-DE51-4707-B222-122B74AC9506
POINT (-122.405749826346 37.8068539161081),105,,,,METER,,,,,,1,,8,,,,{F4F58993-3E46-410A-915C-88548296E5F6},,,ACT,F4F58993-3E46-410A-915C-88548296E5F6
POINT (-122.405695039365 37.8070214800683),106,,,,METER,,,,,,1,,8,,,,{47697BD6-C18D-4830-97F4-A492EEB309A5},,,ACT,47697BD6-C18D-4830-97F4-A492EEB309A5
POINT (-122.406091059892 37.8070402492809),107,,,,METER,,,,,,1,,8,,,,{13860276-16C6-4B01-A682-7713A04351D2},,,ACT,13860276-16C6-4B01-A682-7713A04351D2
POINT (-122.406397645746 37.8071852028699),108,,,,METER,,,,,,1,,8,,,,{C4CB04D7-3534-4BA5-90D7-EF2F2F49426F},,,ACT,C4CB04D7-3534-4BA5-90D7-EF2F2F49426F
POINT (-122.376982023112 37.7399463553072),109,,,,METER,,,,,,1,,8,,,,{5950DB80-C297-42FC-B560-5368FD453E7C},,,ACT,5950DB80-C297-42FC-B560-5368FD453E7C
POINT (-122.372375816112 37.7445323497628),110,,,,METER,,,,,,1,,8,,,,{1C16D795-A8A6-4BAA-BC58-B8B6107EDA1C},,,ACT,1C16D795-A8A6-4BAA-BC58-B8B6107EDA1C
POINT (-122.372352746502 37.7445434209302),111,,,,METER,,,,,,1,,8,,,,{4B84B3D7-06CC-40A2-AC8A-9135541CEDD4},,,ACT,4B84B3D7-06CC-40A2-AC8A-9135541CEDD4
POINT (-122.375406068033 37.7418675861288),112,,,,METER,,,,,,1,,8,,,,{08B35559-01DF-4AA6-B4A7-F3FC38530F8D},Water hydrant nexo to meter,,ACT,08B35559-01DF-4AA6-B4A7-F3FC38530F8D
POINT (-122.375406068033 37.7418675861288),113,,,,METER,,,,,,1,,8,,,,{98FAB634-EE5B-4F91-BF24-9A0A43A07F4B},NeXT to hydrant,,ACT,98FAB634-EE5B-4F91-BF24-9A0A43A07F4B
POINT (-122.376521127201 37.7407057731177),114,,,,METER,,,,,,1,,8,,,,{DFE9C5A8-7D5E-4B53-8606-8BF4698C9652},Old resturaunt,,ACT,DFE9C5A8-7D5E-4B53-8606-8BF4698C9652
POINT (-122.375096823535 37.7421500913352),115,,,,METER,,,,,,1,,8,,,,{E21565C2-4651-4E43-8DD4-A440D98DCD4B},Hanson Agregates- Truck Wash,,ACT,E21565C2-4651-4E43-8DD4-A440D98DCD4B
POINT (-122.37761890963 37.7408255673009),116,,,,METER,,,,,,1,,8,,,,{7972FD44-6CD5-4BB0-89F2-CB18113CB179},,,ACT,7972FD44-6CD5-4BB0-89F2-CB18113CB179
POINT (-122.385138828737 37.7457318439651),117,,,,METER,,,,,,1,,8,,,,{19EF3DF5-A049-410D-B30D-777D6CBDD9F4},Fence,,ACT,19EF3DF5-A049-410D-B30D-777D6CBDD9F4
POINT (-122.385138828737 37.7457318439651),118,,,,METER,,,,,,1,,8,,,,{763D6B68-BD13-4058-A1A7-905C879CBDAE},Fence,,ACT,763D6B68-BD13-4058-A1A7-905C879CBDAE
POINT (-122.38450497478 37.7457787663465),119,,,,METER,,,,,,1,,8,,,,{B4B535B9-985F-4F4F-B5AB-D699EC41DC35},,,ACT,B4B535B9-985F-4F4F-B5AB-D699EC41DC35
POINT (-122.38197083889 37.7459171237014),120,,,,METER,,,,,,1,,8,,,,{B9A143B5-1827-496C-BD6E-78624192D057},,,ACT,B9A143B5-1827-496C-BD6E-78624192D057
POINT (-122.381903245123 37.7459399206615),121,,,,METER,,,,,,1,,8,,,,{D94FD784-7B60-4619-906F-E1848ED15BB2},,,ACT,D94FD784-7B60-4619-906F-E1848ED15BB2
POINT (-122.380540200696 37.7459994667234),122,,,,METER,,,,,,1,,8,,,,{FE71F5F3-CF3D-492B-9802-553840E9B02D},,,ACT,FE71F5F3-CF3D-492B-9802-553840E9B02D
POINT (-122.380533975214 37.7459999463846),123,,,,METER,,,,,,1,,8,,,,{D0C56E1B-B5D5-427F-9CCF-310BA0A306A9},,,ACT,D0C56E1B-B5D5-427F-9CCF-310BA0A306A9
POINT (-122.380571364991 37.7459890641405),124,,,,METER,,,,,,1,,8,,,,{9A8C8869-8F5B-44DD-8DE2-C87C43296AFC},,,ACT,9A8C8869-8F5B-44DD-8DE2-C87C43296AFC
POINT (-122.380525901003 37.7460004294128),125,,,,METER,,,,,,1,,8,,,,{59265258-D67A-4059-959E-9950B40A19DF},,,ACT,59265258-D67A-4059-959E-9950B40A19DF
POINT (-122.377959065881 37.7462522541046),126,,,,METER,,,,,,1,,8,,,,{654D84BF-B76F-46C5-8A49-B40ECD0E01F0},,,ACT,654D84BF-B76F-46C5-8A49-B40ECD0E01F0
POINT (-122.378458804096 37.7462584308289),127,,,,METER,,,,,,1,,8,,,,{6E72062B-0B2D-4F72-8F4E-BA8E80812E49},,,ACT,6E72062B-0B2D-4F72-8F4E-BA8E80812E49
POINT (-122.378457785044 37.7462181222627),128,,,,METER,,,,,,1,,8,,,,{8B35B7BF-8AB0-49A6-9DB7-B7E904D39656},,,ACT,8B35B7BF-8AB0-49A6-9DB7-B7E904D39656
POINT (-122.381272729396 37.7458908407188),129,,,,METER,,,,,,1,,8,,,,{2EA1DDCB-45E2-4053-A48C-608D27A10F8C},,,ACT,2EA1DDCB-45E2-4053-A48C-608D27A10F8C
POINT (-122.384490751342 37.7461270304218),130,,,,METER,,,,,,1,,8,,,,{EAD03709-3A56-4357-9A66-25C26F28798B},,,ACT,EAD03709-3A56-4357-9A66-25C26F28798B
POINT (-122.38448903151 37.7461099654822),131,,,,METER,,,,,,1,,8,,,,{3C3773B0-97EE-4B76-BA20-AEA5B787F3DD},,,ACT,3C3773B0-97EE-4B76-BA20-AEA5B787F3DD
POINT (-122.38448968092 37.7461180290818),132,,,,METER,,,,,,1,,8,,,,{E7EF8C24-C690-460B-8862-4D502625C3BB},,,ACT,E7EF8C24-C690-460B-8862-4D502625C3BB
POINT (-122.384199636827 37.7460548921233),133,,,,METER,,,,,,1,,8,,,,{4D2E55A7-8E5A-4CF1-B6D6-9F341F948F39},,,ACT,4D2E55A7-8E5A-4CF1-B6D6-9F341F948F39
POINT (-122.384160160722 37.7461820665086),134,,,,METER,,,,,,1,,8,,,,{B5796E19-0B64-4182-ACC6-1D994062645E},,,ACT,B5796E19-0B64-4182-ACC6-1D994062645E
POINT (-122.384563691521 37.7492529673488),135,,,,METER,,,,,,1,,8,,,,{872516A2-733F-436E-A08F-74FD2321157B},,,ACT,872516A2-733F-436E-A08F-74FD2321157B
POINT (-122.384556793367 37.7492533822735),136,,,,METER,,,,,,1,,8,,,,{9430485D-28E1-42B5-A3F5-F9EF8F5B21D3},,,ACT,9430485D-28E1-42B5-A3F5-F9EF8F5B21D3
POINT (-122.384549895235 37.7492537980987),137,,,,METER,,,,,,1,,8,,,,{273F6CD0-7D65-43B7-B9A5-CFCAB8AC8DCD},,,ACT,273F6CD0-7D65-43B7-B9A5-CFCAB8AC8DCD
POINT (-122.388870106658 37.7905064799787),138,,,,METER,,,,,,1,,8,,,,{8B643B01-1148-427B-95AD-8A495362550B},epic restaurant,,ACT,8B643B01-1148-427B-95AD-8A495362550B
POINT (-122.38986778705 37.7910153440768),139,,,,METER,,,,,,1,,8,,,,{C5BAD4F8-2919-4A0C-89BB-B74542F56125},,,ACT,C5BAD4F8-2919-4A0C-89BB-B74542F56125
POINT (-122.38986778705 37.7910153440768),140,,,,METER,,,,,,1,,8,,,,{D5621D9C-76CA-44FE-95E6-025A09230746},,,ACT,D5621D9C-76CA-44FE-95E6-025A09230746
POINT (-122.392052526516 37.7942891036432),141,,,,METER,,,,,,1,,8,,,,{178FC6C3-3D90-4135-B156-3A0A9901F246},Sinbad's. Up on wall of Ag.Bldg.,,ACT,178FC6C3-3D90-4135-B156-3A0A9901F246
POINT (-122.392153434876 37.793710257484),142,,,,METER,,,,,,1,,8,,,,{1559F78B-C806-4E92-9319-94C849BCC4F3},irrigation,,ACT,1559F78B-C806-4E92-9319-94C849BCC4F3
POINT (-122.392602020968 37.7941436477115),143,,,,METER,,,,,,1,,8,,,,{DB935124-5220-4827-BB95-26049E810D40},,,ACT,DB935124-5220-4827-BB95-26049E810D40
POINT (-122.392602020968 37.7941436477115),144,,,,METER,,,,,,1,,8,,,,{717169BA-2BDD-416E-AE4A-AF1C50CC4E87},,,ERR,717169BA-2BDD-416E-AE4A-AF1C50CC4E87
POINT (-122.392602020968 37.7941436477115),145,,,,METER,,,,,,1,,8,,,,{C896CF71-7EA5-426B-8F5C-0126548B14BC},,,ACT,C896CF71-7EA5-426B-8F5C-0126548B14BC
POINT (-122.392906169678 37.7946144318429),146,,,,METER,,,,,,1,,8,,,,{4F9EC875-902C-4D7C-B964-35380682E768},,,ACT,4F9EC875-902C-4D7C-B964-35380682E768
POINT (-122.393124877533 37.7948366646029),147,,,,METER,,,,,,1,,8,,,,{5AB065E5-396F-47EE-A9B2-CC32FDA0A0CF},,,ACT,5AB065E5-396F-47EE-A9B2-CC32FDA0A0CF
POINT (-122.393923581315 37.7957080530604),148,,,,METER,,,,,,1,,8,,,,{8A091519-6212-4909-85AA-E4F2E1F970B5},Fire service,,ACT,8A091519-6212-4909-85AA-E4F2E1F970B5
POINT (-122.392829879157 37.795286230669),149,,,,METER,,,,,,1,,8,,,,{002C6A7C-3AB5-462D-97D3-578A4CB3B5B2},Pump room,,ACT,002C6A7C-3AB5-462D-97D3-578A4CB3B5B2
POINT (-122.387718082074 37.7837553209987),150,,,,METER,,,,,,1,,8,,,,{A85670C1-0CEF-4D41-84F4-58BEE974537B},,,ACT,A85670C1-0CEF-4D41-84F4-58BEE974537B
POINT (-122.387637878876 37.7880956918328),151,,,,METER,,,,,,1,,8,,,,{E7301B40-50C2-4FC9-A596-1A13DBCD6E1E},,,ACT,E7301B40-50C2-4FC9-A596-1A13DBCD6E1E
POINT (-122.3880383992 37.7896359472764),152,,,,METER,,,,,,1,,8,,,,{3D7E817F-68AB-448A-B62A-C40218052073},left handside of doorway,,ACT,3D7E817F-68AB-448A-B62A-C40218052073
POINT (-122.376978586999 37.7399500022837),153,,,,METER,,,,,,1,,8,,,,{DBBEDFBF-6D05-4B27-BE77-6976DED2F198},,,ACT,DBBEDFBF-6D05-4B27-BE77-6976DED2F198
POINT (-122.376957917866 37.73997173988),154,,,,METER,,,,,,1,,8,,,,{0F1735AD-2616-4CD6-9B25-270AAC72E426},Master Meter (location approximated),,ACT,0F1735AD-2616-4CD6-9B25-270AAC72E426
POINT (-122.373972625569 37.7414771113761),155,,,,METER,,,,,,1,,8,,,,{F33EEBE5-4447-4E24-9A2B-64FC0A5ACAE2},trap door under bldg,,ACT,F33EEBE5-4447-4E24-9A2B-64FC0A5ACAE2
POINT (-122.369034222507 37.7412507897376),156,,,,METER,,,,,,1,,8,,,,{ED9C9416-0124-4688-B36C-F41CFD0B4DD9},approximate location,,ACT,ED9C9416-0124-4688-B36C-F41CFD0B4DD9
POINT (-122.382119583436 37.7460664450039),157,,,,METER,,,,,,1,,8,,,,{3F4DA4F7-E7A3-40AD-96E9-9CB1093F9A26},,,ACT,3F4DA4F7-E7A3-40AD-96E9-9CB1093F9A26
POINT (-122.383845994654 37.7543583129347),158,,,,METER,,,,,,1,,8,,,,{7095EA81-A79B-4D62-B213-E846E3DB6D2A},aproximation,,ACT,7095EA81-A79B-4D62-B213-E846E3DB6D2A
POINT (-122.416330240848 37.8092484478164),159,,,,METER,,,,,,1,,8,,,,{86389BFC-04BF-4F58-9DD3-1EA8AF15BB9D},"Fire Service Shed A,B,D",,ACT,86389BFC-04BF-4F58-9DD3-1EA8AF15BB9D
POINT (-122.386884159316 37.7651808613827),160,,,,METER,,,,,,1,,8,,,,{40188232-F5DF-453F-B211-70704F0801E6},NEW#49634166,,ACT,40188232-F5DF-453F-B211-70704F0801E6
POINT (-122.392137752704 37.7936996621776),161,,,,METER,,,,,,1,,8,,,,{7E915C80-F624-433F-979E-84211E409AA7},Drink Fountain,,ACT,7E915C80-F624-433F-979E-84211E409AA7
POINT (-122.382737854921 37.7503449895422),162,,,,METER,,,,,,1,,8,,,,{9EEC569D-103A-4E92-8886-18108E3CD8B2},,,ACT,9EEC569D-103A-4E92-8886-18108E3CD8B2
POINT (-122.381716614719 37.7491016937801),163,,,,METER,,,,,,1,,8,,2012-05-08T11:52:17.000,JAH,{DD43EFE2-F349-48B2-9C11-C865FCFEAFC7},,,ACT,DD43EFE2-F349-48B2-9C11-C865FCFEAFC7
POINT (-122.387640874789 37.7866318270874),164,,,,METER,,,,,,1,,8,,2012-06-11T13:32:21.000,JAH,{14063B17-0D4D-4397-B7C2-00F2FE4CF4E6},,,ACT,14063B17-0D4D-4397-B7C2-00F2FE4CF4E6
POINT (-122.389577047906 37.7910118611954),165,,,,METER,,,,,,1,,8,,2012-06-12T11:45:38.000,JAH,{C78B67D7-F878-4C51-96EF-4BC3D55541AA},"Fire Service, 2 restaurants;",,ACT,C78B67D7-F878-4C51-96EF-4BC3D55541AA
POINT (-122.37697130133 37.739957596618),166,,,,METER,,,,,,1,,8,,2012-07-16T13:44:29.000,JAH,{14EFBB26-1E3D-4A3F-8F3F-DA556EF7CABC},Irrigation P98 Literacy for Environmental Justice,,ACT,14EFBB26-1E3D-4A3F-8F3F-DA556EF7CABC
POINT (-122.387603366436 37.7877580035016),167,,,,METER,,,,,,1,,8,,,,{EB0FF275-4257-4544-BF20-03DDF5CC503C},,,ACT,EB0FF275-4257-4544-BF20-03DDF5CC503C
POINT (-122.404167702218 37.8059481047346),168,,,,METER,,,,,,1,,8,,2012-08-15T17:04:23.000,JAH,{D3988FCD-6185-41CF-93CB-A3AED8E7CDB1},,,ACT,D3988FCD-6185-41CF-93CB-A3AED8E7CDB1
POINT (-122.399545288924 37.8016312766107),169,,,,METER,,,,,,1,,8,,2012-08-16T09:18:50.000,JAH,{69A741FA-B941-4183-8DC8-11E58F82430D},,,ACT,69A741FA-B941-4183-8DC8-11E58F82430D
POINT (-122.392906169678 37.7946144318429),170,,,,METER,,,,,,1,,8,,,,{ADA8F56E-81D2-4235-B623-7D91D81CAE56},,,ACT,ADA8F56E-81D2-4235-B623-7D91D81CAE56
POINT (-122.392889776729 37.7945967266905),171,,,,METER,,,,,,1,,8,,,,{6715CE7A-D420-4D09-B34C-35AB16B0F688},,,ACT,6715CE7A-D420-4D09-B34C-35AB16B0F688
POINT (-122.392889776729 37.7945967266905),172,,,,METER,,,,,,1,,8,,,,{4828B648-BD23-4764-AE63-D4FEF79680A9},,,ACT,4828B648-BD23-4764-AE63-D4FEF79680A9
POINT (-122.376871210695 37.7400614490602),173,,,,METER,,,,,,1,,8,,2012-07-16T13:46:30.000,JAH,{65A6F4BC-0DA8-4B76-9680-3658D99655BD},P98 Literacy for Environmental Justice,,ACT,65A6F4BC-0DA8-4B76-9680-3658D99655BD
POINT (-122.393131953063 37.7948443338484),174,,,,METER,,,,,,1,,8,,,,{920E62AD-E25E-4E91-B6DC-CE0A98AC36BC},,,ACT,920E62AD-E25E-4E91-B6DC-CE0A98AC36BC
POINT (-122.393128415298 37.7948404992257),175,,,,METER,,,,,,1,,8,,,,{2F7FF832-B4FC-42C6-8149-2249609B4855},,,ACT,2F7FF832-B4FC-42C6-8149-2249609B4855
POINT (-122.393124877533 37.7948366646029),176,,,,METER,,,,,,1,,8,,,,{61CC93EB-3A36-4B5D-BFB9-B91CA05C916B},,,ACT,61CC93EB-3A36-4B5D-BFB9-B91CA05C916B
POINT (-122.386138963465 37.7856026920177),177,,,,HOSEBIB,,,,,,1,,1,,2012-04-03T15:55:30.000,JAH,{7F0D21CE-20F8-40E6-B74E-076EA1E79FC3},,8446-30-1,UNK,7F0D21CE-20F8-40E6-B74E-076EA1E79FC3
POINT (-122.385111758514 37.7856658946051),178,,,,HOSEBIB,,,,,,1,,1,,2012-04-03T15:55:30.000,JAH,{7BF24A54-2F0B-444F-BBBC-F3D0D89751AC},,8446-30-1,UNK,7BF24A54-2F0B-444F-BBBC-F3D0D89751AC
POINT (-122.384407112437 37.7861614512185),179,,,,SWSC,,,,,,1,,1,,2012-04-03T15:55:30.000,JAH,{D54F5E6E-2BE5-497C-BE04-DC832F23A9FF},,8446-30-1,INACT,D54F5E6E-2BE5-497C-BE04-DC832F23A9FF
POINT (-122.38447109064 37.7869219165891),180,,,,SWSC,,,,,,1,,1,,2012-04-03T15:55:30.000,JAH,{115C8429-246F-457A-8801-A8195954261F},,8446-30-1,INACT,115C8429-246F-457A-8801-A8195954261F
POINT (-122.385334357227 37.787334044282),181,,,,SWSC,,,,,,1,,1,,2012-04-03T15:55:30.000,JAH,{4444B3F8-7D02-4A0B-BBD4-C496F79B16D4},,8446-30-1,INACT,4444B3F8-7D02-4A0B-BBD4-C496F79B16D4
POINT (-122.386270290314 37.7872686720825),182,,,,SWSC,,,,,,1,,1,,2012-04-03T15:55:30.000,JAH,{E66C809A-1850-4BDD-8B86-98FA3F058E6C},,8446-30-1,INACT,E66C809A-1850-4BDD-8B86-98FA3F058E6C
POINT (-122.386694489957 37.7872472357938),183,,,,SWSC,,,,,,1,,1,,2012-04-03T15:55:30.000,JAH,{F749194F-066D-4563-A129-38E60FCD6CA4},,8446-30-1,INACT,F749194F-066D-4563-A129-38E60FCD6CA4
POINT (-122.382555896678 37.750661828855),184,,,,METER,,,,,,1,,8,,,,{24CAC42D-058C-485B-9A29-EC6762756BFE},,,ACT,24CAC42D-058C-485B-9A29-EC6762756BFE
POINT (-122.382484960446 37.7505312324726),185,,,,METER,,,,,,1,,8,,,,{48963564-8E6C-4515-B38C-BB7CB4458445},,,ACT,48963564-8E6C-4515-B38C-BB7CB4458445
POINT (-122.382540591002 37.7495511739171),186,,,,METER,,,,,,1,,8,,,,{37ED67E8-62B9-47FD-84EF-542D35AFA7EC},Under north face Of building,,ACT,37ED67E8-62B9-47FD-84EF-542D35AFA7EC
POINT (-122.381716223533 37.7490975859847),187,,,,METER,,,,,,1,,8,,,,{150259AB-65C6-4FCB-87AA-42D95AA8624D},Inside entrance doorr 28,,ACT,150259AB-65C6-4FCB-87AA-42D95AA8624D
POINT (-122.383059573806 37.7490214504844),188,,,,METER,,,,,,1,,8,,,,{C571093C-0409-4C44-953F-98BB48841EFA},,,ACT,C571093C-0409-4C44-953F-98BB48841EFA
POINT (-122.383059113705 37.7490167760285),189,,,,METER,,,,,,1,,8,,,,{69001497-D0D6-47D8-A596-E9CC16E67CCE},,,ACT,69001497-D0D6-47D8-A596-E9CC16E67CCE
POINT (-122.384686161653 37.7606811789653),190,,,,METER,,,,,,1,,8,,,,{3B7C184F-C5BA-43B1-B351-29E512B03ECF},,,ACT,3B7C184F-C5BA-43B1-B351-29E512B03ECF
POINT (-122.384677566819 37.7606816958106),191,,,,METER,,,,,,1,,8,,,,{807A35E6-6E1C-4F85-8D1D-BBFFE0E22055},,,ACT,807A35E6-6E1C-4F85-8D1D-BBFFE0E22055
POINT (-122.38467239284 37.7606820128595),192,,,,METER,,,,,,1,,8,,,,{E260442C-41F2-439F-8A75-4CAE80977DCC},,,ACT,E260442C-41F2-439F-8A75-4CAE80977DCC
POINT (-122.384680352637 37.7606740495347),193,,,,METER,,,,,,1,,8,,,,{BD8D1920-D99B-4F89-8483-C459EC178E21},Fire Service Meter between 4 meter manifold;,,ACT,BD8D1920-D99B-4F89-8483-C459EC178E21
POINT (-122.384667218838 37.7606823290074),194,,,,METER,,,,,,1,,8,,,,{25B09E2A-5EE4-4E45-9DEF-5657CCDF8A68},,,ACT,25B09E2A-5EE4-4E45-9DEF-5657CCDF8A68
POINT (-122.384181514337 37.7599072525108),195,,,,METER,,,,,,1,,8,,,,{FDC2F93D-0DF3-4438-93AE-5533C37DA273},,,ACT,FDC2F93D-0DF3-4438-93AE-5533C37DA273
POINT (-122.383062541396 37.7594772246711),196,,,,METER,,,,,,1,,8,,,,{D33104B6-D5B6-4A38-8FAA-BCDAA567D57B},Basement,,ACT,D33104B6-D5B6-4A38-8FAA-BCDAA567D57B
POINT (-122.384728285204 37.760819968059),197,,,,METER,,,,,,1,,8,,,,{CF02D2CF-3431-40E0-B158-3027F695364F},BAE Water service,,ACT,CF02D2CF-3431-40E0-B158-3027F695364F
POINT (-122.387314439026 37.7606685442785),198,,,,METER,,,,,,1,,8,,,,{FFC40AE4-F010-4FA6-A0FE-1EA8DA7762E2},,,ACT,FFC40AE4-F010-4FA6-A0FE-1EA8DA7762E2
POINT (-122.387684583279 37.7632617757676),199,,,,METER,,,,,,1,,8,,,,{42280239-5ADD-403E-8AE6-461F76582BAD},,,ACT,42280239-5ADD-403E-8AE6-461F76582BAD
POINT (-122.387706041438 37.7635608348663),200,,,,METER,,,,,,1,,8,,,,{7F7FD2A8-F06F-4C52-B28B-65A9AD827500},,,ACT,7F7FD2A8-F06F-4C52-B28B-65A9AD827500
POINT (-122.387797081784 37.764031572677),201,,,,METER,,,,,,1,,8,,,,{E65B48CA-E9B7-4ECB-9C91-DD2B42BF4E3E},,,ACT,E65B48CA-E9B7-4ECB-9C91-DD2B42BF4E3E
POINT (-122.387797081784 37.764031572677),202,,,,METER,,,,,,1,,8,,,,{56B7D02C-94C6-4A2C-8F43-03BFDA48815A},,,ACT,56B7D02C-94C6-4A2C-8F43-03BFDA48815A
POINT (-122.387464643058 37.7644301957341),203,,,,METER,,,,,,1,,8,,,,{9F56E925-D255-4A86-A2E5-32E477D9C9EC},,,ACT,9F56E925-D255-4A86-A2E5-32E477D9C9EC
POINT (-122.387184652676 37.7648316270545),204,,,,METER,,,,,,1,,8,,,,{9D8D4637-A6AD-484D-8E28-CF6AECDFA9C6},,,ACT,9D8D4637-A6AD-484D-8E28-CF6AECDFA9C6
POINT (-122.387184652676 37.7648316270545),205,,,,METER,,,,,,1,,8,,,,{EDE29E0F-8033-4372-BE59-68E927586BCC},,,ACT,EDE29E0F-8033-4372-BE59-68E927586BCC
POINT (-122.386876941367 37.7651900178917),206,,,,METER,,,,,,1,,8,,,,{D7B937DD-E166-4530-A286-4A5E27D5E93E},,,ACT,D7B937DD-E166-4530-A286-4A5E27D5E93E
POINT (-122.386876941367 37.7651900178917),207,,,,METER,,,,,,1,,8,,,,{D1683CE9-29D8-4416-882C-ED4D213A107C},,,ACT,D1683CE9-29D8-4416-882C-ED4D213A107C
POINT (-122.387899160039 37.7652274548461),208,,,,METER,,,,,,1,,8,,,,{D183D0E0-8EE9-44B9-BFD0-E66621E17866},First number might not be able to read,,ACT,D183D0E0-8EE9-44B9-BFD0-E66621E17866
POINT (-122.386091351625 37.7695443780274),209,,,,METER,,,,,,1,,8,,,,{130ACE47-1F21-4842-AEF1-70855913427B},,,ACT,130ACE47-1F21-4842-AEF1-70855913427B
POINT (-122.385710477853 37.7697860842982),210,,,,METER,,,,,,1,,8,,,,{31A84C85-B6CF-4EB0-8EFF-8736A3BB4F60},,,ACT,31A84C85-B6CF-4EB0-8EFF-8736A3BB4F60
POINT (-122.385674306424 37.770198695023),211,,,,METER,,,,,,1,,8,,,,{378E0D62-ED57-49AA-8A7B-8EED62266F7B},,,ACT,378E0D62-ED57-49AA-8A7B-8EED62266F7B
POINT (-122.382562361716 37.7506608441916),212,,,,METER,,,,,,1,,8,,,,{60C4849A-C291-4BEB-8AAB-6E8B61714D33},,,ACT,60C4849A-C291-4BEB-8AAB-6E8B61714D33
POINT (-122.385677501841 37.7702093196576),213,,,,METER,,,,,,1,,8,,,,{43815B1C-E829-4D3F-AC91-AEA89E8B543B},,,ACT,43815B1C-E829-4D3F-AC91-AEA89E8B543B
POINT (-122.385671029675 37.7701848219208),214,,,,METER,,,,,,1,,8,,,,{7A0F4620-841D-4D97-A721-700D0FC1511D},,,ACT,7A0F4620-841D-4D97-A721-700D0FC1511D
POINT (-122.385675325711 37.7702045447031),215,,,,METER,,,,,,1,,8,,,,{C2045A47-D245-4119-887B-F092922C871B},,,ACT,C2045A47-D245-4119-887B-F092922C871B
POINT (-122.41647370039 37.8085275396675),216,,,,HOSEBIB,,,,,,1,,1,,,,{E9FF93C7-D9A0-4E27-AAC2-FB690DB4DBF4},".75"" DIA PIPE FISHERMAN'S WHARF HOSE BIBBS",,ACT,E9FF93C7-D9A0-4E27-AAC2-FB690DB4DBF4
POINT (-122.416383291778 37.8085249505814),217,,,,HOSEBIB,,,,,,1,,1,,,,{549496F6-F160-425F-A498-73272680C85D},".75"" DIA PIPE FISHERMAN'S WHARF HOSE BIBBS",,ACT,549496F6-F160-425F-A498-73272680C85D
POINT (-122.416354956424 37.8084410242819),218,,,,HOSEBIB,,,,,,1,,1,,,,{FD6E4A88-3F1B-417E-AB4F-B60FB33212E1},".75"" DIA PIPE FISHERMAN'S WHARF HOSE BIBBS",,ACT,FD6E4A88-3F1B-417E-AB4F-B60FB33212E1
POINT (-122.395996592575 37.8013371109129),219,,,,SWSC,,,,,,1,,1,,,,{7E6FF79B-1056-4810-A49F-22E3C9FF8E9A}, ,,UNK,7E6FF79B-1056-4810-A49F-22E3C9FF8E9A
POINT (-122.395699280384 37.8010057353463),220,,,,SWSC,,,,,,1,,1,,2010-11-17T00:00:00.000,JS,{97990A37-541A-412B-828F-D8ECECBD540C}, ,,UNK,97990A37-541A-412B-828F-D8ECECBD540C
POINT (-122.397114293603 37.8007103675235),221,,,,SWSC,,,,,,1,,1,,2010-11-17T00:00:00.000,JS,{78B23B69-4CDA-4BA9-A49D-F34D3F2CC996}, ,,UNK,78B23B69-4CDA-4BA9-A49D-F34D3F2CC996
POINT (-122.401872875961 37.806033101901),222,,,,SWSC,,,,,,1,,1,,2010-11-17T00:00:00.000,JS,{608A5E53-5842-431B-9108-A33415A921F6}, ,7428-27-1,ACT,608A5E53-5842-431B-9108-A33415A921F6
POINT (-122.401554788079 37.8063093768048),223,,,,SWSC,,,,,,1,,1,,2010-11-17T00:00:00.000,JS,{63B55EE5-BD6D-4D52-975A-C682B3633EB1}, ,7428-27-1,ACT,63B55EE5-BD6D-4D52-975A-C682B3633EB1
POINT (-122.396550027547 37.7985870844643),224,,,,METER,,,,,,1,,1,,2011-03-08T00:00:00.000,JS,{74BC8B7B-4863-408F-A13D-4468D74BA37E}, LOCATION APPROX. PER PORT PLUMBER DAVE RAUENBUHLER,per Dave Ravenbueler (Port),ACT,74BC8B7B-4863-408F-A13D-4468D74BA37E
POINT (-122.394231659905 37.7987323320875),225,,,,SWSC,,,,,,1,,1,,,,{3A57FDD3-B8C7-44E6-86D6-1410DD06DBDD}, ,,ACT,3A57FDD3-B8C7-44E6-86D6-1410DD06DBDD
POINT (-122.393823522469 37.7984823196002),226,,,,SWSC,,,,,,1,,1,,,,{A654127C-EA2E-455C-9FBF-AFD62976BF1E}, ,,ACT,A654127C-EA2E-455C-9FBF-AFD62976BF1E
POINT (-122.395344453757 37.7980838355974),227,,,,SWSC,,,,,,1,,1,,2010-11-10T00:00:00.000,JS,{6653BD65-CFD1-4042-B365-08EC8885F358}, ,,ACT,6653BD65-CFD1-4042-B365-08EC8885F358
POINT (-122.394445747363 37.7981262881538),228,,,,SWSC,,,,,,1,,1,,,,{23496174-24A2-481D-9AF7-0D0E66C1C4D5}, ,,ACT,23496174-24A2-481D-9AF7-0D0E66C1C4D5
POINT (-122.40166644911 37.804114191739),229,,,,METER,,,,,,1,,1,,,,{60996C5A-8373-4F64-A5E8-94ADDDAC6A13}, ,,UNK,60996C5A-8373-4F64-A5E8-94ADDDAC6A13
POINT (-122.400484562048 37.8067521594629),230,,,,SWSC,,,,,,1,,1,,2010-11-17T00:00:00.000,JS,{378A92BE-7BF3-4C25-8724-F5AF64A3D2A8}, ,,UNK,378A92BE-7BF3-4C25-8724-F5AF64A3D2A8
POINT (-122.38566881162 37.7701781271551),231,,,,METER,,,,,,1,,8,,,,{C5973890-2658-4FAC-82F9-F850EC44F9EF},,,ACT,C5973890-2658-4FAC-82F9-F850EC44F9EF
POINT (-122.385672972618 37.7701922177237),232,,,,METER,,,,,,1,,8,,,,{BF5FB4D4-695F-4B4A-83F6-671391485963},,,ACT,BF5FB4D4-695F-4B4A-83F6-671391485963
POINT (-122.386128902348 37.7710158061999),233,,,,METER,,,,,,1,,8,,,,{5D3EBCB2-4AB5-47A6-8F50-E1DBC56C179A},,,ACT,5D3EBCB2-4AB5-47A6-8F50-E1DBC56C179A
POINT (-122.386161088739 37.7710158066928),234,,,,METER,,,,,,1,,8,,,,{F6AF9F6F-3378-4E7D-9983-B07AAC006EFB},,,ACT,F6AF9F6F-3378-4E7D-9983-B07AAC006EFB
POINT (-122.386976480489 37.771749389161),235,,,,METER,,,,,,1,,8,,,,{8787BF2D-F454-4722-B651-80853716C8F9},,,ACT,8787BF2D-F454-4722-B651-80853716C8F9
POINT (-122.386933956803 37.7717002382625),236,,,,METER,,,,,,1,,8,,,,{80B79F58-345D-4D4B-833E-D147D746BE34},,,ACT,80B79F58-345D-4D4B-833E-D147D746BE34
POINT (-122.386761903939 37.7722073452449),237,,,,METER,,,,,,1,,8,,,,{7373C2CD-49AF-417A-81B1-4ABF8573ABB7},,,ACT,7373C2CD-49AF-417A-81B1-4ABF8573ABB7
POINT (-122.386869191819 37.7724702443775),238,,,,METER,,,,,,1,,8,,,,{F57C49C3-6732-4C7C-B747-B2A4963F83AA},,,ACT,F57C49C3-6732-4C7C-B747-B2A4963F83AA
POINT (-122.387046299186 37.773215480568),239,,,,METER,,,,,,1,,8,,,,{DB058FD5-1534-4983-A79F-40495FDB6941},,,ACT,DB058FD5-1534-4983-A79F-40495FDB6941
POINT (-122.387059100969 37.773212869406),240,,,,METER,,,,,,1,,8,,,,{C82D3083-9E05-43E8-A9BA-ED1CC89FCEA6},,,ACT,C82D3083-9E05-43E8-A9BA-ED1CC89FCEA6
POINT (-122.387024748643 37.7732202036253),241,,,,METER,,,,,,1,,8,,,,{834D6629-41EC-4525-9C60-22A869F7B206},,,ACT,834D6629-41EC-4525-9C60-22A869F7B206
POINT (-122.387015088776 37.7732226959975),242,,,,METER,,,,,,1,,8,,,,{4E819B28-DF30-4650-853C-EAF66F5BC30C},,,ACT,4E819B28-DF30-4650-853C-EAF66F5BC30C
POINT (-122.387036573354 37.7732178343103),243,,,,METER,,,,,,1,,8,,,,{27135ACF-691B-4220-8716-F5980BE2396F},,,ACT,27135ACF-691B-4220-8716-F5980BE2396F
POINT (-122.387003468552 37.7732252936484),244,,,,METER,,,,,,1,,8,,,,{08347530-32A3-4143-9F23-131478BC5D21},,,ACT,08347530-32A3-4143-9F23-131478BC5D21
POINT (-122.387173740288 37.7736014127975),245,,,,METER,,,,,,1,,8,,,,{0A592814-4878-48A8-B8EA-E7334A360A29},Fire service,,ACT,0A592814-4878-48A8-B8EA-E7334A360A29
POINT (-122.381590605248 37.7721734223248),246,,,,METER,,,,,,1,,8,,,,{454686A0-9B82-4BC5-93DE-853530245851},,,ACT,454686A0-9B82-4BC5-93DE-853530245851
POINT (-122.381526232181 37.7721564607481),247,,,,METER,,,,,,1,,8,,,,{F3C89408-4ED3-45C5-B47A-F742C7406C61},,,ACT,F3C89408-4ED3-45C5-B47A-F742C7406C61
POINT (-122.387224962983 37.7742019971259),248,,,,METER,,,,,,1,,8,,,,{6746A0F3-ECF7-452E-9208-9DCD6EF6832A},,,ACT,6746A0F3-ECF7-452E-9208-9DCD6EF6832A
POINT (-122.387280923748 37.7743225295212),249,,,,METER,,,,,,1,,8,,,,{31961D57-EF7B-404E-980D-296833DC85FF},,,ACT,31961D57-EF7B-404E-980D-296833DC85FF
POINT (-122.387287309568 37.7743219676698),250,,,,METER,,,,,,1,,8,,,,{5483D6A5-E984-43BB-BCFD-A1E861C656F6},,,ACT,5483D6A5-E984-43BB-BCFD-A1E861C656F6
POINT (-122.387288340934 37.7743270790494),251,,,,METER,,,,,,1,,8,,,,{657C678D-BCBB-4180-88C9-B495EEFD1C62},,,ACT,657C678D-BCBB-4180-88C9-B495EEFD1C62
POINT (-122.387281162502 37.7743272786863),252,,,,METER,,,,,,1,,8,,,,{F1C16047-F356-4B08-A22E-2474AA20D2CE},,,ACT,F1C16047-F356-4B08-A22E-2474AA20D2CE
POINT (-122.387319803793 37.7745903643346),253,,,,METER,,,,,,1,,8,,,,{B95C7384-F6D8-41BE-992A-A834E0D38784},,,ACT,B95C7384-F6D8-41BE-992A-A834E0D38784
POINT (-122.387322370742 37.7751696550352),254,,,,METER,,,,,,1,,8,,,,{7C6E3E86-3B1E-4CB7-B982-480B8659CAC6},,,ACT,7C6E3E86-3B1E-4CB7-B982-480B8659CAC6
POINT (-122.387323180569 37.7751773519301),255,,,,METER,,,,,,1,,8,,,,{8786F22A-56A3-49D3-BB8E-BAD5DB6FB088},,,ACT,8786F22A-56A3-49D3-BB8E-BAD5DB6FB088
POINT (-122.38732299614 37.7751857325401),256,,,,METER,,,,,,1,,8,,,,{7292155D-2DFD-480F-95F5-A4EA1A28D276},,,ACT,7292155D-2DFD-480F-95F5-A4EA1A28D276
POINT (-122.387322562213 37.7751946605747),257,,,,METER,,,,,,1,,8,,,,{C65E219A-6BA2-4F67-8E3D-3DD75687DF32},,,ACT,C65E219A-6BA2-4F67-8E3D-3DD75687DF32
POINT (-122.387370120881 37.775777858627),258,,,,METER,,,,,,1,,8,,,,{9821FC41-AFFE-48F0-9A4E-3FAEA034274C},,,ACT,9821FC41-AFFE-48F0-9A4E-3FAEA034274C
POINT (-122.387371539931 37.7757842849733),259,,,,METER,,,,,,1,,8,,,,{88688444-FE88-47DE-8D28-869516E6CF7C},,,ACT,88688444-FE88-47DE-8D28-869516E6CF7C
POINT (-122.387371681506 37.7757901243558),260,,,,METER,,,,,,1,,8,,,,{6A887E08-CE28-4D6E-8F42-5FFD48A0496C},,,ACT,6A887E08-CE28-4D6E-8F42-5FFD48A0496C
POINT (-122.387371909495 37.7757954324427),261,,,,METER,,,,,,1,,8,,,,{79A806C2-C364-49B2-A76B-01B58FC0E4A2},,,ACT,79A806C2-C364-49B2-A76B-01B58FC0E4A2
POINT (-122.387371909495 37.7757954324427),262,,,,METER,,,,,,1,,8,,,,{5201BCB5-90FF-489D-B8D1-A32662A88A2B},,,ACT,5201BCB5-90FF-489D-B8D1-A32662A88A2B
POINT (-122.396460771142 37.7710878925847),263,,,,METER,,,,,,1,,8,,,,{C0FA1E73-1FFD-41D1-B5F1-EDB88E0FA042},,,ACT,C0FA1E73-1FFD-41D1-B5F1-EDB88E0FA042
POINT (-122.396589517211 37.7710200470764),264,,,,METER,,,,,,1,,8,,,,{285FD90F-58AB-4324-BD52-E4C66D5DDABC},,,ACT,285FD90F-58AB-4324-BD52-E4C66D5DDABC
POINT (-122.388740937182 37.7795971440725),265,,,,METER,,,,,,1,,8,,,,{E2833FEE-3D60-413B-8EA7-A0CF86D50077},Check Plate,,ACT,E2833FEE-3D60-413B-8EA7-A0CF86D50077
POINT (-122.388424892158 37.7797969107314),266,,,,METER,,,,,,1,,8,,,,{B0B4A9C8-E62E-4117-9965-30D7B3709ED9},Local34Union,,ACT,B0B4A9C8-E62E-4117-9965-30D7B3709ED9
POINT (-122.388351676184 37.7798568622278),267,,,,METER,,,,,,1,,8,,,,{793EA2F3-9F48-4A5D-9B65-25FEDDC63B53},Fire service,,ACT,793EA2F3-9F48-4A5D-9B65-25FEDDC63B53
POINT (-122.388443115635 37.7797812576944),268,,,,METER,,,,,,1,,8,,,,{F956F88D-FFE4-4330-A33A-D30211F5D032},,,ACT,F956F88D-FFE4-4330-A33A-D30211F5D032
POINT (-122.388364951737 37.779843635208),269,,,,METER,,,,,,1,,8,,,,{99249834-96DD-4E53-9C79-944B115773B1},,,ACT,99249834-96DD-4E53-9C79-944B115773B1
POINT (-122.387848787864 37.781455618794),270,,,,METER,,,,,,1,,8,,,,{910F185D-9F9E-47C8-84FD-25E1133B24A2},,,ACT,910F185D-9F9E-47C8-84FD-25E1133B24A2
POINT (-122.387908708138 37.7818951383228),271,,,,METER,,,,,,1,,8,,,,{2E7293E0-1095-4611-84A4-0CA283B3708C},,,ACT,2E7293E0-1095-4611-84A4-0CA283B3708C
POINT (-122.388015107432 37.7823695941993),272,,,,METER,,,,,,1,,8,,,,{FF3A5FAF-D8CC-4133-8102-9E74D5021BA0},,,ACT,FF3A5FAF-D8CC-4133-8102-9E74D5021BA0
POINT (-122.387981640889 37.7818746935352),273,,,,METER,,,,,,1,,8,,,,{F85B06AE-E701-4B1B-9603-3BAA1914E916},,,ACT,F85B06AE-E701-4B1B-9603-3BAA1914E916
POINT (-122.388015107432 37.7823695941993),274,,,,METER,,,,,,1,,8,,,,{278D3217-1220-4A07-86D5-9EF8C05B3C7D},,,ACT,278D3217-1220-4A07-86D5-9EF8C05B3C7D
POINT (-122.388014627474 37.7823641144179),275,,,,METER,,,,,,1,,8,,,,{C31E2DDC-5BC3-4CCC-BC06-CC9D3003792A},,,ACT,C31E2DDC-5BC3-4CCC-BC06-CC9D3003792A
POINT (-122.387871523696 37.7825616134616),276,,,,METER,,,,,,1,,8,,,,{E1CBAE0E-6666-4A24-87D1-F4420A07C3EE},Fire service,,ACT,E1CBAE0E-6666-4A24-87D1-F4420A07C3EE
POINT (-122.388000455923 37.7826165413563),277,,,,METER,,,,,,1,,8,,,,{7CAE4B53-72CF-4272-9FB6-EDB8F345FC5F},,,ACT,7CAE4B53-72CF-4272-9FB6-EDB8F345FC5F
POINT (-122.387982640662 37.7828457952406),278,,,,METER,,,,,,1,,8,,,,{EFC0F2A9-2C3C-441D-897C-567676D19702},,,ACT,EFC0F2A9-2C3C-441D-897C-567676D19702
POINT (-122.387981899556 37.7828567532035),279,,,,METER,,,,,,1,,8,,,,{73F5EDE1-67E8-43F4-A522-1778BDC5F3B4},,,ACT,73F5EDE1-67E8-43F4-A522-1778BDC5F3B4
POINT (-122.387983412491 37.7828349737696),280,,,,METER,,,,,,1,,8,,,,{4D879E61-65C1-4A81-A8F6-537DC5F558F7},,,ACT,4D879E61-65C1-4A81-A8F6-537DC5F558F7
POINT (-122.387981295508 37.7828664472778),281,,,,METER,,,,,,1,,8,,,,{671606FC-8CAA-4E4C-952E-A2D0C2BD0DFA},,,ACT,671606FC-8CAA-4E4C-952E-A2D0C2BD0DFA
POINT (-122.387951052395 37.7832428036671),282,,,,METER,,,,,,1,,8,,,,{E8DA101C-5AD4-4B00-89ED-3C36ABB84BEE},,,ACT,E8DA101C-5AD4-4B00-89ED-3C36ABB84BEE
POINT (-122.387950534803 37.7832487968896),283,,,,METER,,,,,,1,,8,,,,{A278AA86-B8DA-4D30-B5B6-2855037624A4},,,ACT,A278AA86-B8DA-4D30-B5B6-2855037624A4
POINT (-122.387949764003 37.7832551925017),284,,,,METER,,,,,,1,,8,,,,{A0C943BD-8A08-4004-B8C3-9CBCB12A2DA1},,,ACT,A0C943BD-8A08-4004-B8C3-9CBCB12A2DA1
POINT (-122.387951420815 37.7832378212869),285,,,,METER,,,,,,1,,8,,,,{A7C98419-B4D8-42B1-8058-DBCDCC14B46F},,,ACT,A7C98419-B4D8-42B1-8058-DBCDCC14B46F
POINT (-122.387885531312 37.78385248215),286,,,,METER,,,,,,1,,8,,,,{DDB5CD20-02DA-4EFA-A0D1-FEA22412DEFE},,,ACT,DDB5CD20-02DA-4EFA-A0D1-FEA22412DEFE
POINT (-122.387885531312 37.78385248215),287,,,,METER,,,,,,1,,8,,,,{DD912044-1C18-4195-B97C-F0F1BDB8ECEC},,,ACT,DD912044-1C18-4195-B97C-F0F1BDB8ECEC
POINT (-122.387885148398 37.7838579667352),288,,,,METER,,,,,,1,,8,,,,{49763B32-DEB0-4148-817E-19D65C96E767},,,ACT,49763B32-DEB0-4148-817E-19D65C96E767
POINT (-122.387885148398 37.7838579667352),289,,,,METER,,,,,,1,,8,,,,{C8128C5A-F409-4737-B719-17A07F3F1F76},,,ACT,C8128C5A-F409-4737-B719-17A07F3F1F76
POINT (-122.387752736828 37.7855799155171),290,,,,METER,,,,,,1,,8,,,,{E4A2992A-12FB-45CF-AE5B-06B5A2E42CDB},,,ACT,E4A2992A-12FB-45CF-AE5B-06B5A2E42CDB
POINT (-122.387749980587 37.7855991581109),291,,,,METER,,,,,,1,,8,,,,{32F4F212-3636-4E68-98D5-A16FFE8BD422},,,ACT,32F4F212-3636-4E68-98D5-A16FFE8BD422
POINT (-122.387752773803 37.7855747140457),292,,,,METER,,,,,,1,,8,,,,{7054C3FB-16BF-4E25-9EE1-04DE52312ABA},,,ACT,7054C3FB-16BF-4E25-9EE1-04DE52312ABA
POINT (-122.387752580783 37.7855848106814),293,,,,METER,,,,,,1,,8,,,,{C5FBA4CA-80BA-4842-992D-1C5A978C96B3},,,ACT,C5FBA4CA-80BA-4842-992D-1C5A978C96B3
POINT (-122.387751625372 37.7855898421099),294,,,,METER,,,,,,1,,8,,,,{E27C0AA8-1741-40C4-AEAC-7EDED2FAD2E9},,,ACT,E27C0AA8-1741-40C4-AEAC-7EDED2FAD2E9
POINT (-122.387750783879 37.785594977156),295,,,,METER,,,,,,1,,8,,,,{2B96BB65-5CCA-48F8-A225-545DD6D261AD},,,ACT,2B96BB65-5CCA-48F8-A225-545DD6D261AD
POINT (-122.387690826363 37.7859567083445),296,,,,METER,,,,,,1,,8,,,,{12286E3C-B4DD-4A22-813A-EF710C5A115D},possible an error,,ACT,12286E3C-B4DD-4A22-813A-EF710C5A115D
POINT (-122.387691433931 37.785939153874),297,,,,METER,,,,,,1,,8,,,,{6FBEBCA2-E328-4EF9-BE0A-3E4831AA696B},,,ACT,6FBEBCA2-E328-4EF9-BE0A-3E4831AA696B
POINT (-122.387690826363 37.7859567083445),298,,,,METER,,,,,,1,,8,,,,{D78F64F4-FBB3-4074-85B7-4BB13B1C1ECC},,,ACT,D78F64F4-FBB3-4074-85B7-4BB13B1C1ECC
POINT (-122.387692040364 37.7859215994217),299,,,,METER,,,,,,1,,8,,,,{B6325815-01E1-4BDC-A59E-72767BC6A510},,,ACT,B6325815-01E1-4BDC-A59E-72767BC6A510
POINT (-122.387641272292 37.7866277193203),300,,,,METER,,,,,,1,,8,,,,{13F59979-6064-43ED-BA23-AE3212D0515D},,,ACT,13F59979-6064-43ED-BA23-AE3212D0515D
POINT (-122.387640477286 37.7866359348544),301,,,,METER,,,,,,1,,8,,,,{42FD4937-71B6-4B74-8497-BDDCF61BF40F},,,ACT,42FD4937-71B6-4B74-8497-BDDCF61BF40F
POINT (-122.387609773734 37.7874763442987),302,,,,METER,,,,,,1,,8,,,,{A78564DB-9AD3-49C5-BBBB-2A6E09D1C32D},,,ACT,A78564DB-9AD3-49C5-BBBB-2A6E09D1C32D
POINT (-122.387609773734 37.7874763442987),303,,,,METER,,,,,,1,,8,,,,{345262B7-8EAF-47A2-8C23-F45949DC9C04},,,ACT,345262B7-8EAF-47A2-8C23-F45949DC9C04
POINT (-122.387605474747 37.787766071618),304,,,,METER,,,,,,1,,8,,,,{924AE31D-A050-4439-A951-B5C5EBAB263F},,,ACT,924AE31D-A050-4439-A951-B5C5EBAB263F
POINT (-122.387604420592 37.7877620375598),305,,,,METER,,,,,,1,,8,,,,{4A144224-7D03-4B68-A511-D80908ADAD0C},,,ACT,4A144224-7D03-4B68-A511-D80908ADAD0C
POINT (-122.387480735674 37.7876913576264),306,,,,METER,,,,,,1,,8,,,,{CD1FD728-362B-4F6F-8406-17DA7C4166B4},,,ERR,CD1FD728-362B-4F6F-8406-17DA7C4166B4
POINT (-122.387604420592 37.7877620375598),307,,,,METER,,,,,,1,,8,,,,{F5439974-2832-401B-A224-22D7BAAB79D0},,,ACT,F5439974-2832-401B-A224-22D7BAAB79D0
POINT (-122.386887181619 37.788095803653),308,,,,METER,,,,,,1,,8,,,,{BA4DF104-86D8-4606-9ADC-596B213E76CC},against left wall,,ACT,BA4DF104-86D8-4606-9ADC-596B213E76CC
POINT (-122.386582215656 37.788145979318),309,,,,METER,,,,,,1,,8,,,,{D5E9B58C-2C70-4AC5-BD9D-799260AFE23A},,,ACT,D5E9B58C-2C70-4AC5-BD9D-799260AFE23A
POINT (-122.385304073636 37.788390095157),310,,,,METER,,,,,,1,,8,,,,{CABFDFE1-77B5-48E5-A368-324FE5093B16},inside restroom,,ACT,CABFDFE1-77B5-48E5-A368-324FE5093B16
POINT (-122.38779102488 37.7887161213155),311,,,,METER,,,,,,1,,8,,,,{444126FF-5706-4D5B-817B-2E5DD5A0402D},,,ACT,444126FF-5706-4D5B-817B-2E5DD5A0402D
POINT (-122.387788492595 37.7887109429583),312,,,,METER,,,,,,1,,8,,,,{955AFD96-AA47-488F-87EE-6990AE146E3A},,,ACT,955AFD96-AA47-488F-87EE-6990AE146E3A
POINT (-122.387788401469 37.7887057949097),313,,,,METER,,,,,,1,,8,,,,{96D46C72-06BA-464A-AA5A-525E2CECEABD},,,ACT,96D46C72-06BA-464A-AA5A-525E2CECEABD
POINT (-122.387787030222 37.7887004114134),314,,,,METER,,,,,,1,,8,,,,{2D7486D0-20C6-4139-81DA-4443B3DD91DA},,,ACT,2D7486D0-20C6-4139-81DA-4443B3DD91DA
POINT (-122.385379359652 37.7896835231163),315,,,,METER,,,,,,1,,8,,,,{1AF4407F-134C-4D90-951C-90D64666B653},inside restroom,,ACT,1AF4407F-134C-4D90-951C-90D64666B653
POINT (-122.387559084763 37.7890749207846),316,,,,METER,,,,,,1,,8,,,,{9C1AD98B-93E5-4AA5-92AF-F00E3EC94335},behind orange door,,ACT,9C1AD98B-93E5-4AA5-92AF-F00E3EC94335
POINT (-122.387804951801 37.788998302047),317,,,,METER,,,,,,1,,8,,,,{FDB66D87-B0BF-4165-A4A0-E92DAB39C95C},Fire service. Meter under deck,,ACT,FDB66D87-B0BF-4165-A4A0-E92DAB39C95C
POINT (-122.388165736051 37.7894964729738),318,,,,METER,,,,,,1,,8,,,,{53E5700A-7621-4619-BC2D-FFDAE8C71FF2},,,ACT,53E5700A-7621-4619-BC2D-FFDAE8C71FF2
POINT (-122.388493442558 37.789890245776),319,,,,METER,,,,,,1,,8,,,,{23BE4F3D-4B56-4E90-80D4-1B22890BDCFA},J.C. Decaux,,ACT,23BE4F3D-4B56-4E90-80D4-1B22890BDCFA
POINT (-122.38842620538 37.7899307514381),320,,,,METER,,,,,,1,,8,,,,{C14C3D7E-7291-405D-9D5D-C86CCEB565E1},,,ACT,C14C3D7E-7291-405D-9D5D-C86CCEB565E1
POINT (-122.388859969972 37.7904934829111),321,,,,METER,,,,,,1,,8,,,,{ACCB59EE-F861-4FC8-9458-0B838CE70F0B},waterbar restaurant,,ACT,ACCB59EE-F861-4FC8-9458-0B838CE70F0B
POINT (-122.409336715768 37.8084309076066),322,,,,METER,,,,,,1,,8,,,,{A94FD79A-A401-4B60-B34B-2A19FD3FABA1},,,ACT,A94FD79A-A401-4B60-B34B-2A19FD3FABA1
POINT (-122.412383705389 37.8088335396345),323,,,,METER,,,,,,1,,8,,,,{6A35A4FC-AD0F-4DF8-9D9E-830959B8858D},,,ACT,6A35A4FC-AD0F-4DF8-9D9E-830959B8858D
POINT (-122.412885278494 37.8089818765037),324,,,,METER,,,,,,1,,8,,,,{01EC576B-B3DF-454F-9CD2-6C205EB9DFCA},,,ACT,01EC576B-B3DF-454F-9CD2-6C205EB9DFCA
POINT (-122.412921487778 37.8087085117397),325,,,,METER,,,,,,1,,8,,,,{3FC0AC93-9E21-4B24-9FC8-212A5552CE23},,,ACT,3FC0AC93-9E21-4B24-9FC8-212A5552CE23
POINT (-122.413461953634 37.8086322239586),326,,,,METER,,,,,,1,,8,,,,{1242F5B2-C69A-4BE7-8A50-721D850D42F3},,,ACT,1242F5B2-C69A-4BE7-8A50-721D850D42F3
POINT (-122.4144864164 37.8089668076481),327,,,,METER,,,,,,1,,8,,,,{61B2B932-3A79-4BF0-B621-004D4F14BA95},,,ACT,61B2B932-3A79-4BF0-B621-004D4F14BA95
POINT (-122.41496989818 37.8089760165922),328,,,,METER,,,,,,1,,8,,,,{7E06B710-0E9C-405D-9E6E-170DC439543B},,,ACT,7E06B710-0E9C-405D-9E6E-170DC439543B
POINT (-122.414372563136 37.8090804148713),329,,,,METER,,,,,,1,,8,,,,{64A0B632-7EF7-4AB7-A255-25DE70697293},,,ACT,64A0B632-7EF7-4AB7-A255-25DE70697293
POINT (-122.419755757216 37.8111147237182),330,,,,METER,,,,,,1,,8,,,,{C71FF83F-A3E4-402F-956A-8CF6C7BD8B23},Inside,,ACT,C71FF83F-A3E4-402F-956A-8CF6C7BD8B23
POINT (-122.419522404777 37.8110236043447),331,,,,METER,,,,,,1,,8,,,,{1834B46D-0A83-4D07-918C-47539298C07E},,,ACT,1834B46D-0A83-4D07-918C-47539298C07E
POINT (-122.419643103912 37.8110829376139),332,,,,METER,,,,,,1,,8,,,,{F88768AD-AEEC-4A88-89C8-BFC021BD0F1D},,,ACT,F88768AD-AEEC-4A88-89C8-BFC021BD0F1D
POINT (-122.419369518952 37.8109367238207),333,,,,METER,,,,,,1,,8,,,,{37F41F70-FA22-473E-A226-827B010DFECF},,,ACT,37F41F70-FA22-473E-A226-827B010DFECF
POINT (-122.41930246309 37.8108985808062),334,,,,METER,,,,,,1,,8,,,,{CB4DE642-78E2-4171-BDFF-58600C2A6BE5},,,ACT,CB4DE642-78E2-4171-BDFF-58600C2A6BE5
POINT (-122.419224680002 37.8108646758745),335,,,,METER,,,,,,1,,8,,,,{CF26C588-4213-484F-8CBC-1786EC7899EE},,,ACT,CF26C588-4213-484F-8CBC-1786EC7899EE
POINT (-122.419165670555 37.8108392477157),336,,,,METER,,,,,,1,,8,,,,{6DB28CD3-CC92-4FA4-9F98-5C6A06B602DC},,,ACT,6DB28CD3-CC92-4FA4-9F98-5C6A06B602DC
POINT (-122.419093251227 37.8108032231888),337,,,,METER,,,,,,1,,8,,,,{1B6C3FF2-952A-42F8-B8B5-8680AA360108},,,ACT,1B6C3FF2-952A-42F8-B8B5-8680AA360108
POINT (-122.418682872886 37.8105446986177),338,,,,METER,,,,,,1,,8,,,,{65EA734A-D8B0-48FF-84D9-EAD8B1DABEAD},,,ACT,65EA734A-D8B0-48FF-84D9-EAD8B1DABEAD
POINT (-122.418457567941 37.8103794117561),339,,,,METER,,,,,,1,,8,,,,{CF0E868E-28AF-401A-A329-1009AB49B77B},,,ACT,CF0E868E-28AF-401A-A329-1009AB49B77B
POINT (-122.418288588245 37.8102480302834),340,,,,METER,,,,,,1,,8,,,,{C6D73A9A-F189-46D2-B857-4DC45175A1D7},,,ACT,C6D73A9A-F189-46D2-B857-4DC45175A1D7
POINT (-122.418219741438 37.8102238809663),341,,,,METER,,,,,,1,,8,,,,{B23BA211-B279-49E3-AEC2-50CCF40805A8},,,ACT,B23BA211-B279-49E3-AEC2-50CCF40805A8
POINT (-122.418157160664 37.8101908149549),342,,,,METER,,,,,,1,,8,,,,{56BFDA30-09F4-4C72-AA6C-6F09FBC0C1AA},,,ACT,56BFDA30-09F4-4C72-AA6C-6F09FBC0C1AA
POINT (-122.418103516653 37.8101611480363),343,,,,METER,,,,,,1,,8,,,,{DC454A8B-D1E4-4C58-8C17-373D39C594E3},,,ACT,DC454A8B-D1E4-4C58-8C17-373D39C594E3
POINT (-122.41786211786 37.8100043372414),344,,,,METER,,,,,,1,,8,,,,{00384B37-F16A-4662-8108-EB47037D37D7},,,ACT,00384B37-F16A-4662-8108-EB47037D37D7
POINT (-122.417899699965 37.810027816389),345,,,,METER,,,,,,1,,8,,,,{5338D726-5729-43F7-8D54-1467A9AAF631},,,ACT,5338D726-5729-43F7-8D54-1467A9AAF631
POINT (-122.417652749563 37.8098363501553),346,,,,METER,,,,,,1,,8,,,,{FEAF033D-C106-43AE-B246-D8428C9510F3},,,ACT,FEAF033D-C106-43AE-B246-D8428C9510F3
POINT (-122.417595799853 37.8097880131954),347,,,,METER,,,,,,1,,8,,,,{81912CBD-B337-4BAD-8EEF-B127E59F2B18},,,ACT,81912CBD-B337-4BAD-8EEF-B127E59F2B18
POINT (-122.417458249488 37.8096461665796),348,,,,METER,,,,,,1,,8,,,,{FE9B9843-3A3B-4AC8-A401-53407F6E5173},,,ACT,FE9B9843-3A3B-4AC8-A401-53407F6E5173
POINT (-122.417272031641 37.8096144260783),349,,,,METER,,,,,,1,,8,,,,{462CB230-8830-4459-B38F-5D8DA8BF0E0F},,,ACT,462CB230-8830-4459-B38F-5D8DA8BF0E0F
POINT (-122.416741622818 37.8089478436721),350,,,,METER,,,,,,1,,8,,,,{8834ADD1-3ACA-43A9-94EC-53E77D794DDB},,,ACT,8834ADD1-3ACA-43A9-94EC-53E77D794DDB
POINT (-122.415992617605 37.8092351095121),351,,,,METER,,,,,,1,,8,,,,{0E949739-A120-4A8B-9CAD-8F1DB5B1C167},,,ACT,0E949739-A120-4A8B-9CAD-8F1DB5B1C167
POINT (-122.415912293747 37.8090020526525),352,,,,METER,,,,,,1,,8,,,,{22A90F69-13C6-4163-A683-98CB95B50168},Master meter,,ACT,22A90F69-13C6-4163-A683-98CB95B50168
POINT (-122.415912213561 37.8089802834006),353,,,,METER,,,,,,1,,8,,,,{6217752D-5690-41F9-BBAB-5E14A704E77F},E meter,,ACT,6217752D-5690-41F9-BBAB-5E14A704E77F
POINT (-122.415917245988 37.8089511592237),354,,,,METER,,,,,,1,,8,,,,{FECAD8C9-165A-4878-BF25-9BB9A46E0B08},,,ACT,FECAD8C9-165A-4878-BF25-9BB9A46E0B08
POINT (-122.41591822101 37.8089279795577),355,,,,METER,,,,,,1,,8,,,,{889E0DC8-6B3F-45BD-AF27-2E391C2CD20F},,,ACT,889E0DC8-6B3F-45BD-AF27-2E391C2CD20F
POINT (-122.4159754715 37.8086468936436),356,,,,METER,,,,,,1,,8,,,,{C299445F-D099-473C-B569-18A8FD91E9A0},,,ACT,C299445F-D099-473C-B569-18A8FD91E9A0
POINT (-122.415933912713 37.8084740279598),357,,,,METER,,,,,,1,,8,,,,{51E93270-3258-456E-9CCE-4C719F310294},,,ACT,51E93270-3258-456E-9CCE-4C719F310294
POINT (-122.415789566586 37.808831000226),358,,,,METER,,,,,,1,,8,,,,{D36539D9-7AD2-4C2C-B7EB-9E4013F7E1B2},,,ACT,D36539D9-7AD2-4C2C-B7EB-9E4013F7E1B2
POINT (-122.415630519544 37.8087222858782),359,,,,METER,,,,,,1,,8,,,,{6F47EB15-975A-44D1-864F-A0393EC82B0B},,,ACT,6F47EB15-975A-44D1-864F-A0393EC82B0B
POINT (-122.415998341414 37.8085669514805),360,,,,METER,,,,,,1,,8,,,,{8BB7A22B-2614-4C52-826E-5CF236F3C72E},Under planters,,ACT,8BB7A22B-2614-4C52-826E-5CF236F3C72E
POINT (-122.416341466603 37.8084556835788),361,,,,METER,,,,,,1,,8,,,,{C1D50D66-B348-4132-8A4D-DB47D4A3C2C8},,,ACT,C1D50D66-B348-4132-8A4D-DB47D4A3C2C8
POINT (-122.416105618959 37.8084973483525),362,,,,METER,,,,,,1,,8,,,,{390DF227-A7BD-46A0-9585-C7670D4DC1F5},,,ACT,390DF227-A7BD-46A0-9585-C7670D4DC1F5
POINT (-122.416369215465 37.8082581017579),363,,,,METER,,,,,,1,,8,,,,{F3798D55-4523-468D-93C6-E89C39D6FF57},Over water,,ACT,F3798D55-4523-468D-93C6-E89C39D6FF57
POINT (-122.416369215465 37.8082581017579),364,,,,METER,,,,,,1,,8,,,,{17BA4933-12C0-4005-A567-F8A337046F2F},Over water,,ACT,17BA4933-12C0-4005-A567-F8A337046F2F
POINT (-122.416123497287 37.8082342719258),365,,,,METER,,,,,,1,,8,,,,{47339AC5-1A61-4EAD-B258-A5F9B2C1ECA0},,,ACT,47339AC5-1A61-4EAD-B258-A5F9B2C1ECA0
POINT (-122.416055369853 37.8083277655121),366,,,,METER,,,,,,1,,8,,,,{B297F666-A9F4-4AFB-8111-AF726CF3937C},Inside. Under sink,,ACT,B297F666-A9F4-4AFB-8111-AF726CF3937C
POINT (-122.417929579049 37.808010185964),367,,,,METER,,,,,,1,,8,,,,{6D417E14-EFA2-473D-AF41-6EA3324B7385},,,ACT,6D417E14-EFA2-473D-AF41-6EA3324B7385
POINT (-122.417912423114 37.8080130243943),368,,,,METER,,,,,,1,,8,,,,{6B9BEE57-5B52-4309-B5CE-D19B049FD53F},,,ACT,6B9BEE57-5B52-4309-B5CE-D19B049FD53F
POINT (-122.417906086073 37.8080138204782),369,,,,METER,,,,,,1,,8,,,,{7FE6B2A9-A16C-445B-8B1B-28A884BD11B8},,,ACT,7FE6B2A9-A16C-445B-8B1B-28A884BD11B8
POINT (-122.417546335578 37.8080620676322),370,,,,METER,,,,,,1,,8,,,,{753FBE37-E61F-4D45-B472-AA2A72835723},,,ACT,753FBE37-E61F-4D45-B472-AA2A72835723
POINT (-122.417652963393 37.8080395565135),371,,,,METER,,,,,,1,,8,,,,{7D4D1E39-C9F3-4F1D-894A-7B3C41D80A22},Fire,,ACT,7D4D1E39-C9F3-4F1D-894A-7B3C41D80A22
POINT (-122.417669968185 37.8080890881778),372,,,,METER,,,,,,1,,8,,,,{9A708D93-19A2-4D8E-802B-F18FA293483B},In room,,ACT,9A708D93-19A2-4D8E-802B-F18FA293483B
POINT (-122.417774835327 37.8080999062448),373,,,,METER,,,,,,1,,8,,,,{3F4200D4-A949-486D-B4A3-00788DDAEA71},Master,,ACT,3F4200D4-A949-486D-B4A3-00788DDAEA71
POINT (-122.417772015398 37.8080829525457),374,,,,METER,,,,,,1,,8,,,,{841CAE4A-7C39-4C76-B3AA-66745219A72A},MasterM 47,,ACT,841CAE4A-7C39-4C76-B3AA-66745219A72A
POINT (-122.418104385818 37.8085091963003),375,,,,METER,,,,,,1,,8,,,,{F225B098-428A-414C-9B13-B5728221E14D},,,ACT,F225B098-428A-414C-9B13-B5728221E14D
POINT (-122.418120872761 37.8085071032117),376,,,,METER,,,,,,1,,8,,,,{1136AADA-A89A-426F-B141-3855670269B2},Port,,ACT,1136AADA-A89A-426F-B141-3855670269B2
POINT (-122.417768240351 37.8086565935862),377,,,,METER,,,,,,1,,8,,,,{E987BB06-2283-4985-8E00-70696494ED04},,,ACT,E987BB06-2283-4985-8E00-70696494ED04
POINT (-122.417933083844 37.8089572833301),378,,,,METER,,,,,,1,,8,,,,{9A0C170F-C9F3-4BF6-B055-D91BA4D6990F},,,ACT,9A0C170F-C9F3-4BF6-B055-D91BA4D6990F
POINT (-122.419840166165 37.8090635502891),379,,,,METER,,,,,,1,,8,,,,{1D2AFA11-7342-4870-9C4C-1F7D152373FE},,,ACT,1D2AFA11-7342-4870-9C4C-1F7D152373FE
POINT (-122.417891621172 37.808016618749),380,,,,METER,,,,,,1,,8,,,,{7B1CC815-FBDE-47AB-A918-C2A53A487539},Might be error,,ACT,7B1CC815-FBDE-47AB-A918-C2A53A487539
POINT (-122.418221853589 37.8080031777872),381,,,,METER,,,,,,1,,8,,,,{26C00606-063C-4A7A-92DE-18F3869C053C},,,ACT,26C00606-063C-4A7A-92DE-18F3869C053C
POINT (-122.41848436685 37.8079601836749),382,,,,METER,,,,,,1,,8,,,,{8760A687-5B61-4636-8CCF-ED5D48551960},,,ACT,8760A687-5B61-4636-8CCF-ED5D48551960
POINT (-122.41851316694 37.8079354167171),383,,,,METER,,,,,,1,,8,,,,{F6F96E87-1BFB-4757-A5A0-795C72662A98},,,ACT,F6F96E87-1BFB-4757-A5A0-795C72662A98
POINT (-122.419027094134 37.8079466523859),384,,,,METER,,,,,,1,,8,,,,{A459BBCB-C156-46A8-9CE3-21721E7C0A5E},,,ACT,A459BBCB-C156-46A8-9CE3-21721E7C0A5E
POINT (-122.419171618938 37.8080612175943),385,,,,METER,,,,,,1,,8,,,,{BA17ED27-4FCF-4BBC-9D7D-99710F924D76},On levenworth,,ACT,BA17ED27-4FCF-4BBC-9D7D-99710F924D76
POINT (-122.419155578997 37.8083683619457),386,,,,METER,,,,,,1,,8,,,,{3D882CF9-0FC6-4B16-A92A-8011C573FD2D},,,ACT,3D882CF9-0FC6-4B16-A92A-8011C573FD2D
POINT (-122.419433891415 37.8078884111169),387,,,,METER,,,,,,1,,8,,,,{37629C69-9AE9-4D0E-A6DB-B8E5D45A4937},,,ACT,37629C69-9AE9-4D0E-A6DB-B8E5D45A4937
POINT (-122.419439256322 37.8078979478457),388,,,,METER,,,,,,1,,8,,,,{E82FE1A8-A8E4-4EEC-B6D3-C67E37267555},,,ACT,E82FE1A8-A8E4-4EEC-B6D3-C67E37267555
POINT (-122.419588100074 37.8078526835251),389,,,,METER,,,,,,1,,8,,,,{CDDD196E-B82E-4C7F-B7DB-8D000F8E466A},,,ACT,CDDD196E-B82E-4C7F-B7DB-8D000F8E466A
POINT (-122.420373803311 37.8078619029848),390,,,,METER,,,,,,1,,8,,,,{33E366F6-3802-4826-A29E-6867C63DFAFF},,,ACT,33E366F6-3802-4826-A29E-6867C63DFAFF
POINT (-122.420366962004 37.8078627443621),391,,,,METER,,,,,,1,,8,,,,{6B0EB17D-A333-4B8B-B8C4-C3EBC063A01C},,,ACT,6B0EB17D-A333-4B8B-B8C4-C3EBC063A01C
POINT (-122.420468411264 37.8079262942394),392,,,,METER,,,,,,1,,8,,,,{C8FF1F42-5DDA-4D1C-9FBC-3FD5CBE4ABF6},,,ACT,C8FF1F42-5DDA-4D1C-9FBC-3FD5CBE4ABF6
POINT (-122.420517504236 37.8077379525765),393,,,,METER,,,,,,1,,8,,,,{2801E5C0-A91B-4F89-8251-C7333F7D8593},,,ACT,2801E5C0-A91B-4F89-8251-C7333F7D8593
POINT (-122.420628815841 37.8077209995549),394,,,,METER,,,,,,1,,8,,,,{20C928DC-74BC-4D29-AAB4-56289857766F},,,ACT,20C928DC-74BC-4D29-AAB4-56289857766F
POINT (-122.420906424099 37.807953044775),395,,,,METER,,,,,,1,,8,,,,{895CF173-9A63-41CA-9F2B-6245304A1045},,,ACT,895CF173-9A63-41CA-9F2B-6245304A1045
POINT (-122.420869518039 37.8077272739848),396,,,,METER,,,,,,1,,8,,,,{6845046F-0F86-485F-A79C-BF1015EB7730},,,ACT,6845046F-0F86-485F-A79C-BF1015EB7730
POINT (-122.420866431106 37.8077129346064),397,,,,METER,,,,,,1,,8,,,,{EACB4203-59F6-4688-9BA4-3F0A19ABC05D},,,ACT,EACB4203-59F6-4688-9BA4-3F0A19ABC05D
POINT (-122.420866431106 37.8077129346064),398,,,,METER,,,,,,1,,8,,,,{5FCC2B10-C052-414E-BEEF-F96DFC2C9AB3},,,ACT,5FCC2B10-C052-414E-BEEF-F96DFC2C9AB3
POINT (-122.420863509415 37.8077220592014),399,,,,METER,,,,,,1,,8,,,,{C2EE5D5E-611F-4E73-A939-B8D94600D53A},,,ACT,C2EE5D5E-611F-4E73-A939-B8D94600D53A
POINT (-122.42090776518 37.8076849744865),400,,,,METER,,,,,,1,,8,,,,{C1B53B14-39BA-4556-804F-A6FE60AD44E7},,,ACT,C1B53B14-39BA-4556-804F-A6FE60AD44E7
POINT (-122.420925200487 37.8076807359905),401,,,,METER,,,,,,1,,8,,,,{8E04FF0B-4721-4999-84F2-94DE7EDC8320},,,ACT,8E04FF0B-4721-4999-84F2-94DE7EDC8320
POINT (-122.421322167321 37.8076288170702),402,,,,METER,,,,,,1,,8,,,,{D50CC713-7337-4608-B836-3A96261FE2AD},,,ACT,D50CC713-7337-4608-B836-3A96261FE2AD
POINT (-122.42136374108 37.8076224594474),403,,,,METER,,,,,,1,,8,,,,{C6BAD81D-1DE2-46EC-9CB0-F8E4E4571F08},,,ACT,C6BAD81D-1DE2-46EC-9CB0-F8E4E4571F08
POINT (-122.421446889249 37.8076214004271),404,,,,METER,,,,,,1,,8,,,,{AC9C6202-0146-4600-8A4F-A2AB87EE584E},,,ACT,AC9C6202-0146-4600-8A4F-A2AB87EE584E
POINT (-122.395194484457 37.7969524557509),405,,,,METER,,,,,,1,,8,,,,{621FB354-A3B3-495F-BB14-D2D99F8A82DF},,,ACT,621FB354-A3B3-495F-BB14-D2D99F8A82DF
POINT (-122.395318869345 37.7969454107454),406,,,,METER,,,,,,1,,8,,,,{099F6E66-69E7-4CAD-BEE2-AD4BE68826C0},,,ACT,099F6E66-69E7-4CAD-BEE2-AD4BE68826C0
POINT (-122.395313124095 37.7969379500544),407,,,,METER,,,,,,1,,8,,,,{6B7413AF-D5BE-48E6-A185-001D01EEB30C},,,ACT,6B7413AF-D5BE-48E6-A185-001D01EEB30C
POINT (-122.395062476 37.7966609345504),408,,,,METER,,,,,,1,,8,,,,{8BADCD07-EE34-47C0-9544-05E8E76D6C51},,,ACT,8BADCD07-EE34-47C0-9544-05E8E76D6C51
POINT (-122.395067638049 37.796669264379),409,,,,METER,,,,,,1,,8,,,,{CE57E436-94E0-409D-B019-907D596DA5D6},,,ACT,CE57E436-94E0-409D-B019-907D596DA5D6
POINT (-122.395074193147 37.7966767300909),410,,,,METER,,,,,,1,,8,,,,{D98FCF01-B3F7-4EAF-9D0C-866BE77C703F},,,ACT,D98FCF01-B3F7-4EAF-9D0C-866BE77C703F
POINT (-122.395933372461 37.7976888611732),411,,,,METER,,,,,,1,,8,,,,{162ECAE9-AEFA-47BE-8020-973086229E9C},,,ACT,162ECAE9-AEFA-47BE-8020-973086229E9C
POINT (-122.395933372461 37.7976888611732),412,,,,METER,,,,,,1,,8,,,,{1EA75CF9-8192-4AE7-AC4F-23A6EAD1C1E7},,,ACT,1EA75CF9-8192-4AE7-AC4F-23A6EAD1C1E7
POINT (-122.395933372461 37.7976888611732),413,,,,METER,,,,,,1,,8,,,,{0D9D9D3D-A46B-453B-8E91-99A80E2AD749},,,ACT,0D9D9D3D-A46B-453B-8E91-99A80E2AD749
POINT (-122.396034300767 37.797825015261),414,,,,METER,,,,,,1,,8,,,,{C10B1840-E1A7-442E-AE59-D191E0C90D6A},,,ACT,C10B1840-E1A7-442E-AE59-D191E0C90D6A
POINT (-122.396104037257 37.798162003251),415,,,,METER,,,,,,1,,8,,,,{71571FC1-5F8A-4451-9C79-9458ECEB4307},,,ACT,71571FC1-5F8A-4451-9C79-9458ECEB4307
POINT (-122.396586834829 37.79838877986),416,,,,METER,,,,,,1,,8,,,,{CDA6CCEB-2BC7-471F-BEC7-E204E5ABDDE4},,,ACT,CDA6CCEB-2BC7-471F-BEC7-E204E5ABDDE4
POINT (-122.396602928691 37.7983993769826),417,,,,METER,,,,,,1,,8,,,,{1C3D9722-04A8-4AA6-9921-BB541B7277B8},,,ACT,1C3D9722-04A8-4AA6-9921-BB541B7277B8
POINT (-122.39661633956 37.7984057356108),418,,,,METER,,,,,,1,,8,,,,{CB9C7AB3-7755-4A40-A771-98074AB2419C},,,ACT,CB9C7AB3-7755-4A40-A771-98074AB2419C
POINT (-122.396610975058 37.7984269291061),419,,,,METER,,,,,,1,,8,,,,{CE8FAE37-241B-4E2D-9464-B1275A2C7F54},,,ACT,CE8FAE37-241B-4E2D-9464-B1275A2C7F54
POINT (-122.397353946788 37.7992428964467),420,,,,METER,,,,,,1,,8,,,,{A3F530C2-7EAC-4460-A03D-8A99DAF472D2},,,ACT,A3F530C2-7EAC-4460-A03D-8A99DAF472D2
POINT (-122.397750153046 37.7996501480519),421,,,,METER,,,,,,1,,8,,,,{3C7CC420-6BE9-438B-BA51-6142B7B6F2E0},,,ACT,3C7CC420-6BE9-438B-BA51-6142B7B6F2E0
POINT (-122.397754651519 37.7996552026372),422,,,,METER,,,,,,1,,8,,,,{505968A6-BF05-4943-99A3-7E423C4CF0B5},,,ACT,505968A6-BF05-4943-99A3-7E423C4CF0B5
POINT (-122.397754651519 37.7996552026372),423,,,,METER,,,,,,1,,8,,,,{FEB19F33-2BA9-45D6-84BA-26E9FA6BBE14},,,ACT,FEB19F33-2BA9-45D6-84BA-26E9FA6BBE14
POINT (-122.397750153046 37.7996501480519),424,,,,METER,,,,,,1,,8,,,,{E8DE2B7E-5E6E-4256-9C9C-FD9362326065},,,ACT,E8DE2B7E-5E6E-4256-9C9C-FD9362326065
POINT (-122.397796512099 37.8002771472226),425,,,,METER,,,,,,1,,8,,,,{0EEC10D3-91DD-4047-B767-8DEF638D9572},,,ACT,0EEC10D3-91DD-4047-B767-8DEF638D9572
POINT (-122.397793829819 37.8003025801474),426,,,,METER,,,,,,1,,8,,,,{85216C67-655D-49D4-BA22-D0383027EBEF},,,ACT,85216C67-655D-49D4-BA22-D0383027EBEF
POINT (-122.397783100504 37.8003004601379),427,,,,METER,,,,,,1,,8,,,,{D558A689-44BD-4214-9396-AE619B03A670},,,ACT,D558A689-44BD-4214-9396-AE619B03A670
POINT (-122.397587299741 37.8000630927364),428,,,,METER,,,,,,1,,8,,,,{969CB738-AF1A-483B-BD71-CA02A9855686},,,ACT,969CB738-AF1A-483B-BD71-CA02A9855686
POINT (-122.397587299741 37.8000630927364),429,,,,METER,,,,,,1,,8,,,,{A5B29BA0-4552-4AD8-BCCB-703FAAE458E9},,,ACT,A5B29BA0-4552-4AD8-BCCB-703FAAE458E9
POINT (-122.397658584977 37.8000797949893),430,,,,METER,,,,,,1,,8,,,,{17C57DD6-C0C4-42FC-8846-E5E4E4D3FD2B},"Port 2""",,ACT,17C57DD6-C0C4-42FC-8846-E5E4E4D3FD2B
POINT (-122.396125090798 37.8011975403331),431,,,,METER,,,,,,1,,8,,,,{99CC2C8F-169B-46F6-9FBC-F0327898620B},,,ACT,99CC2C8F-169B-46F6-9FBC-F0327898620B
POINT (-122.396286443909 37.8008436007401),432,,,,METER,,,,,,1,,8,,,,{7F401C63-446F-4480-A69D-A36E3E431EF9},,,ACT,7F401C63-446F-4480-A69D-A36E3E431EF9
POINT (-122.396276719126 37.800849195007),433,,,,METER,,,,,,1,,8,,,,{455D9A13-5069-4FF9-8425-F97471F81AF9},"Port 1""",,ACT,455D9A13-5069-4FF9-8425-F97471F81AF9
POINT (-122.398836023092 37.8008879635262),434,,,,METER,,,,,,1,,8,,,,{F807C601-3869-49C1-8F7C-E5403EFCBE24},,,ACT,F807C601-3869-49C1-8F7C-E5403EFCBE24
POINT (-122.398840144762 37.8008928898583),435,,,,METER,,,,,,1,,8,,,,{C978DA66-0C1F-4ABD-B96D-585A95EF21F1},,,ACT,C978DA66-0C1F-4ABD-B96D-585A95EF21F1
POINT (-122.398843583824 37.8008975496091),436,,,,METER,,,,,,1,,8,,,,{D7C6D914-0649-4A95-ACF6-DC317E91D883},,,ACT,D7C6D914-0649-4A95-ACF6-DC317E91D883
POINT (-122.398840144762 37.8008928898583),437,,,,METER,,,,,,1,,8,,,,{2107FA95-9E0E-47C4-A925-8165EBD10BF3},,,ACT,2107FA95-9E0E-47C4-A925-8165EBD10BF3
POINT (-122.398858249516 37.8008500495573),438,,,,METER,,,,,,1,,8,,,,{ED2E3B79-7B71-4E8C-86CE-42A765886EE6},,,ACT,ED2E3B79-7B71-4E8C-86CE-42A765886EE6
POINT (-122.39921756166 37.8012981852965),439,,,,METER,,,,,,1,,8,,,,{F3908DE7-C7CD-4349-9853-BFAD8EC5020E},,,ACT,F3908DE7-C7CD-4349-9853-BFAD8EC5020E
POINT (-122.399292616646 37.8017023051922),440,,,,METER,,,,,,1,,8,,,,{481EA554-ED36-492A-B762-7AB1A8DF351B},,,ACT,481EA554-ED36-492A-B762-7AB1A8DF351B
POINT (-122.399292616646 37.8017023051922),441,,,,METER,,,,,,1,,8,,,,{6D7800AA-F630-481D-B73E-9173E8F09334},,,ACT,6D7800AA-F630-481D-B73E-9173E8F09334
POINT (-122.3980996012 37.8024070661609),442,,,,METER,,,,,,1,,8,,,,{CDFBF933-8794-463A-8A1D-32D1D16A4627},,,ACT,CDFBF933-8794-463A-8A1D-32D1D16A4627
POINT (-122.39955383552 37.8016415217751),443,,,,METER,,,,,,1,,8,,,,{82B36197-FFFB-4AF1-9EB8-0A20090CF57D},,,ACT,82B36197-FFFB-4AF1-9EB8-0A20090CF57D
POINT (-122.399941846192 37.8021197107479),444,,,,METER,,,,,,1,,8,,,,{B1CF8500-79DA-4EFA-B196-BA4CF50CFD63},,,ACT,B1CF8500-79DA-4EFA-B196-BA4CF50CFD63
POINT (-122.399953824653 37.8021331710818),445,,,,METER,,,,,,1,,8,,,,{E5C2CC32-BE56-4A4C-9176-E263AB0AB592},,,ACT,E5C2CC32-BE56-4A4C-9176-E263AB0AB592
POINT (-122.399945838633 37.8021241975321),446,,,,METER,,,,,,1,,8,,,,{6AF866C2-3867-4D74-8777-028A9A7B8B76},,,ACT,6AF866C2-3867-4D74-8777-028A9A7B8B76
POINT (-122.399949832211 37.8021286842979),447,,,,METER,,,,,,1,,8,,,,{2B7DD12F-5AA5-4541-880B-6EE0DC5EF13F},,,ACT,2B7DD12F-5AA5-4541-880B-6EE0DC5EF13F
POINT (-122.400193668566 37.8023939918417),448,,,,METER,,,,,,1,,8,,,,{1AD81C6A-7AB8-4B7C-B0A5-CA6685741CDA},,,ACT,1AD81C6A-7AB8-4B7C-B0A5-CA6685741CDA
POINT (-122.400489749569 37.8030680159138),449,,,,METER,,,,,,1,,8,,,,{F6524E64-FB2A-45BA-B2E9-7758BC23B77C},By the stairs,,ACT,F6524E64-FB2A-45BA-B2E9-7758BC23B77C
POINT (-122.399105429421 37.8041512228062),450,,,,METER,,,,,,1,,8,,,,{FC413291-FC03-42FF-B469-187FE41AEE3C},,,ACT,FC413291-FC03-42FF-B469-187FE41AEE3C
POINT (-122.401001896874 37.8033018838649),451,,,,METER,,,,,,1,,8,,,,{3C5535D5-4411-4503-B906-2562E1357E3A},,,ACT,3C5535D5-4411-4503-B906-2562E1357E3A
POINT (-122.401005889443 37.8033063706122),452,,,,METER,,,,,,1,,8,,,,{0F81E736-49E1-4F1F-8850-B69DA0A9C745},,,ACT,0F81E736-49E1-4F1F-8850-B69DA0A9C745
POINT (-122.40099790317 37.8032973971357),453,,,,METER,,,,,,1,,8,,,,{011E7CE7-ECDC-4E4D-BDC4-6BF109C34779},,,ACT,011E7CE7-ECDC-4E4D-BDC4-6BF109C34779
POINT (-122.400993910602 37.8032929103881),454,,,,METER,,,,,,1,,8,,,,{8052A57A-E8EE-451D-98B8-EC9025078BA1},,,ACT,8052A57A-E8EE-451D-98B8-EC9025078BA1
POINT (-122.40095601278 37.8033696959675),455,,,,METER,,,,,,1,,8,,,,{A8A7A85E-54FA-4527-A829-6728297CFD63},,,ACT,A8A7A85E-54FA-4527-A829-6728297CFD63
POINT (-122.401806414101 37.8041851309239),456,,,,METER,,,,,,1,,8,,,,{2E6DAFD2-A8AD-48DB-A31C-ED933B0D2412},,,ACT,2E6DAFD2-A8AD-48DB-A31C-ED933B0D2412
POINT (-122.401801050256 37.804178772876),457,,,,METER,,,,,,1,,8,,,,{2D2E51D1-50AA-44C5-8A38-CBFD295402AE},,,ACT,2D2E51D1-50AA-44C5-8A38-CBFD295402AE
POINT (-122.401793002879 37.8041787728744),458,,,,METER,,,,,,1,,8,,,,{4629B435-072D-4311-9E40-B9E33BFE61A8},,,ACT,4629B435-072D-4311-9E40-B9E33BFE61A8
POINT (-122.403076689783 37.8052538201572),459,,,,METER,,,,,,1,,8,,,,{0C9FB6FE-DA22-41AC-BC2B-7D2B7AAD289B},,,ACT,0C9FB6FE-DA22-41AC-BC2B-7D2B7AAD289B
POINT (-122.375180148663 37.7413885995981),460,,,,METER,,,,,,1,,1,,2013-10-25T16:50:49.000,JAH,{29F7D50F-ECCA-4FCC-B8F9-02857A746E9E},,,ACT,29F7D50F-ECCA-4FCC-B8F9-02857A746E9E
POINT (-122.382068306827 37.7508084461442),461,,,,HOSEBIB,1966-07-01T00:00:00.000,,,,,1,,1,,2014-03-12T17:58:00.000,JAH,{8A3336D6-E184-4FF7-A7A4-425C1B47D0E2},,7387-86-1,ACT,8A3336D6-E184-4FF7-A7A4-425C1B47D0E2
POINT (-122.382416455409 37.7508011669576),462,,,,HOSEBIB,1966-07-01T00:00:00.000,,,,,1,,1,,2014-03-12T17:58:00.000,JAH,{A20298AE-2F12-4433-9496-0556E66B7132},,7387-86-1,ACT,A20298AE-2F12-4433-9496-0556E66B7132
POINT (-122.382440515652 37.7509723485149),463,,,,HOSEBIB,1966-07-01T00:00:00.000,,,,,1,,1,,2014-03-12T17:58:00.000,JAH,{0034559D-3E96-44AF-A4C6-2E8DDEA6ED28},,7387-86-1,ACT,0034559D-3E96-44AF-A4C6-2E8DDEA6ED28
POINT (-122.38227955118 37.7510237329117),464,,,,HOSEBIB,1966-07-01T00:00:00.000,,,,,1,,1,,2014-03-12T17:58:00.000,JAH,{766B6CE8-B113-486A-85B8-C5E5C61B7ACD},,7387-86-1,ACT,766B6CE8-B113-486A-85B8-C5E5C61B7ACD
POINT (-122.382037058286 37.7510429913045),465,,,,HOSEBIB,1966-07-01T00:00:00.000,,,,,1,,1,,2014-03-12T17:58:00.000,JAH,{97E549D2-4FFF-4773-84BA-2257B4E2EB8B},,7387-86-1,ACT,97E549D2-4FFF-4773-84BA-2257B4E2EB8B
POINT (-122.383335377721 37.7577441480209),466,,,,METER,2014-07-01T00:00:00.000,,,,,1,,1,,2014-04-25T17:29:39.000,JAH,{2E19DAD3-BAEF-4F63-A70E-D2738B73048D},Port Deduct for Affordable Storage.,,ACT,2E19DAD3-BAEF-4F63-A70E-D2738B73048D
POINT (-122.371532037688 37.7438086402834),467,,,,METER,,,,,,1,,1,,2010-11-15T00:00:00.000,JAH,{E94D9D8F-3C79-48E0-806D-790AB65216EA}, ,8718-94-1,ACT,E94D9D8F-3C79-48E0-806D-790AB65216EA
POINT (-122.371643738881 37.7436452029774),468,,,,METER,,,,,,1,,1,,2010-11-15T00:00:00.000,JAH,{07428579-6C23-4C46-9913-962A36673DEA}, ,8718-94-1,ACT,07428579-6C23-4C46-9913-962A36673DEA
POINT (-122.386905014454 37.7743390263112),469,,,,METER,,,,,,1,,1,,2014-06-03T14:30:04.000,JAH,{AD8AD387-C5A9-47C0-9C1E-2A2501456AAB},"Port Deduct, on appron.",Field Visit,ACT,AD8AD387-C5A9-47C0-9C1E-2A2501456AAB
POINT (-122.401027211904 37.8033358587237),470,,,,METER,2012-07-01T00:00:00.000,,,,,1,,8,,2012-10-15T09:22:50.000,JAH,{2DA42A30-4CD2-4FB4-88E9-A8A47969AB12},"Shown on Field and enchroachment Permit. Witness a 2"" while open ground.",,ACT,2DA42A30-4CD2-4FB4-88E9-A8A47969AB12
POINT (-122.420082273147 37.8079300804622),471,,,,METER,,,,,,1,,12,,2014-04-10T14:10:56.000,JAH,{06EC4ACA-52A6-4BED-81FB-4715E45F58B6},Port Deduct for Police Yard,Field Visit,ACT,06EC4ACA-52A6-4BED-81FB-4715E45F58B6
POINT (-122.387931389008 37.7657374521697),472,,,,METER,,,,,,1,,8,,2014-07-08T16:37:30.000,JAH,{4EE58A47-46ED-42E8-9A69-1715EF1D1C22},,6525-418-2,ACT,4EE58A47-46ED-42E8-9A69-1715EF1D1C22
POINT (-122.387833361541 37.7647656927236),473,,,,METER,,,,,,1,,8,,2014-07-08T16:37:30.000,JAH,{9EC59DDA-EED2-4560-B714-0789CAEE94BA},,6525-418-2,ACT,9EC59DDA-EED2-4560-B714-0789CAEE94BA
POINT (-122.387809739087 37.7645191775229),474,,,,METER,,,,,,1,,8,,2014-07-08T16:37:30.000,JAH,{B5A2A5F9-5508-4A98-9AAF-AFB8514A4574},,6525-418-2,ACT,B5A2A5F9-5508-4A98-9AAF-AFB8514A4574
POINT (-122.419239716713 37.8108386313115),475,,,,METER,,,,,,1,,8,,2015-01-13T17:48:49.000,JAH,{AA2BB488-8A41-472C-B5E7-F7A206E1223E},WM for Ice Machine;,Field Visit,ACT,AA2BB488-8A41-472C-B5E7-F7A206E1223E
POINT (-122.419247526741 37.8108417242505),476,,,,METER,,,,,,1,,8,,2015-01-13T17:48:49.000,JAH,{AE9955C2-EA3B-47AF-927A-D7BE29234580},WM for Ice Machine;,Field Visit,ACT,AE9955C2-EA3B-47AF-927A-D7BE29234580
POINT (-122.418984093487 37.8107104676159),477,,,,METER,,,,,,1,,8,,2015-01-13T17:48:49.000,JAH,{AFB3B764-D17D-483D-9FF4-5E64AADC9C9D},WM for Ice Machine;,Field Visit,ACT,AFB3B764-D17D-483D-9FF4-5E64AADC9C9D
POINT (-122.386992506691 37.7741992088462),478,,,,METER,,,,,,1,,1,,2014-11-05T17:54:33.000,JAH,{91A59646-8F1D-432C-99B2-72220A2E0D18},Bauer,,ACT,91A59646-8F1D-432C-99B2-72220A2E0D18
POINT (-122.38698612955 37.7742009610427),479,,,,METER,,,,,,1,,1,,2014-11-05T17:54:33.000,JAH,{A2A886C8-0A52-46A7-95B7-5A396779BC06},RR and ASF Electric;,,ACT,A2A886C8-0A52-46A7-95B7-5A396779BC06
POINT (-122.383714012732 37.7745116648699),480,,,,HOSEBIB,,,,,,1,,1,,2014-09-26T17:52:18.000,JAH,{BBF89986-A86D-4420-8469-539C9C97759B},,Field Visit,ACT,BBF89986-A86D-4420-8469-539C9C97759B
POINT (-122.383725888291 37.7745274941226),481,,,,SWSC,,,,,,1,,1,,2014-09-26T17:52:18.000,JAH,{338A3487-BA74-4F00-8E1D-A5E453DB2869},,Field Visit,ACT,338A3487-BA74-4F00-8E1D-A5E453DB2869
POINT (-122.383367693532 37.7745318888806),482,,,,HOSEBIB,,,,,,1,,1,,2014-09-26T17:52:18.000,JAH,{2D8B4A55-BAD5-4266-A3C7-8F1E25F03598},,Field Visit,ACT,2D8B4A55-BAD5-4266-A3C7-8F1E25F03598
POINT (-122.384168266517 37.7745016594115),483,,,,SWSC,,,,,,1,,1,,2014-09-26T17:52:18.000,JAH,{3133EAC7-764C-414A-B7E5-EC156D38164A},,Field Visit,ACT,3133EAC7-764C-414A-B7E5-EC156D38164A
POINT (-122.384166742642 37.7744852258618),484,,,,METER,,,,,,1,,8,,2014-09-26T17:52:18.000,JAH,{F5C7949D-F1BD-4C88-AF00-B1DE8730227F},Sewer Excempt Deduct Meter,Field Visit,ACT,F5C7949D-F1BD-4C88-AF00-B1DE8730227F
POINT (-122.384156390867 37.7744858302033),485,,,,HOSEBIB,,,,,,1,,1,,2014-09-26T17:52:18.000,JAH,{823C0FEC-E229-4DE6-AD67-717E56DEE3D1},,Field Visit,ACT,823C0FEC-E229-4DE6-AD67-717E56DEE3D1
POINT (-122.384857894083 37.774461382668),486,,,,SWSC,,,,,,1,,1,,2014-09-26T17:52:18.000,JAH,{16E2D8AC-B05D-4A22-943A-498F613B73A8},,Field Visit,ACT,16E2D8AC-B05D-4A22-943A-498F613B73A8
POINT (-122.384856371191 37.774444949109),487,,,,METER,,,,,,1,,8,,2014-09-26T17:52:18.000,JAH,{292B3C5E-1C5E-4D8D-A13D-201E9E57031D},Sewer Excempt Deduct Meter,Field Visit,ACT,292B3C5E-1C5E-4D8D-A13D-201E9E57031D
POINT (-122.384846019428 37.7744455535111),488,,,,HOSEBIB,,,,,,1,,1,,2014-09-26T17:52:18.000,JAH,{F8259848-1872-47B5-B09B-DEF21A328F87},,Field Visit,ACT,F8259848-1872-47B5-B09B-DEF21A328F87
POINT (-122.385741246274 37.7744097850034),489,,,,SWSC,,,,,,1,,1,,2014-09-26T17:52:18.000,JAH,{DDE04934-E4D5-4D5F-A3F6-ABB56EB0517F},,Field Visit,ACT,DDE04934-E4D5-4D5F-A3F6-ABB56EB0517F
POINT (-122.385739723188 37.7743933514556),490,,,,METER,,,,,,1,,8,,2014-09-26T17:52:18.000,JAH,{C27E7706-459B-4F0A-9CF8-C5294D1011A3},Sewer Excempt Deduct Meter,Field Visit,ACT,C27E7706-459B-4F0A-9CF8-C5294D1011A3
POINT (-122.385750074936 37.774392746975),491,,,,HOSEBIB,,,,,,1,,1,,2014-09-26T17:52:18.000,JAH,{708ACA32-738C-424F-919F-956F8A1BB769},,Field Visit,ACT,708ACA32-738C-424F-919F-956F8A1BB769
POINT (-122.406047245002 37.808226405419),492,,,,METER,,,,,,1,,8,,,,{B992EAAA-2F3F-4949-93C5-CF839353254D},Ship Water Service,,ACT,B992EAAA-2F3F-4949-93C5-CF839353254D
POINT (-122.406047245002 37.808226405419),493,,,,METER,,,,,,1,,8,,,,{4E8DF800-8586-4651-B95F-33488EABAF53},Ship Water Service,Survey,ACT,4E8DF800-8586-4651-B95F-33488EABAF53
POINT (-122.383724364513 37.7745110605672),494,,,,METER,,,,,,1,,8,,2014-09-26T17:52:18.000,JAH,{BCED3F91-2249-4B73-9AF7-215D5F5118CE},Sewer Excempt Deduct Meter,Field Visit,ACT,BCED3F91-2249-4B73-9AF7-215D5F5118CE
POINT (-122.383358779839 37.7745406702895),495,,,,METER,,,,,,1,,1,,2014-09-26T17:54:46.000,JAH,{C0BA12AE-215C-4FEC-8CD7-DD5A270A35D9},,Field Visit,ACT,C0BA12AE-215C-4FEC-8CD7-DD5A270A35D9
POINT (-122.401881712987 37.8042323511991),496,,,,METER,2012-07-01T00:00:00.000,,,,,1,,8,,2014-10-21T16:45:33.000,JAH,{7F0E5C2E-2FF2-434F-9AAE-40B86A731BE6},IRRIGATION SERVICE,Cruise Terminal AB,ACT,7F0E5C2E-2FF2-434F-9AAE-40B86A731BE6
POINT (-122.401886138492 37.8042365749923),497,,,,METER,2012-07-01T00:00:00.000,,,,,1,,8,,2014-10-21T16:45:33.000,JAH,{F2D3EEC2-B92B-4B6B-8F89-58A47E20F2ED},These 2 meters loop inside the terminal at the back end; These provide SHIP Water Service; Deducts are to be installed for Sewer Excempt Accounts;,Cruise Terminal AB,ACT,F2D3EEC2-B92B-4B6B-8F89-58A47E20F2ED
POINT (-122.401890562862 37.8042407988036),498,,,,METER,2012-07-01T00:00:00.000,,,,,1,,8,,2014-10-21T16:45:33.000,JAH,{7DB4C365-BF8B-44DD-A499-3D40464BE9C1},These 2 meters loop inside the terminal at the back end; These provide SHIP Water Service; Deducts are to be installed for Sewer Excempt Accounts;,Cruise Terminal AB,ACT,7DB4C365-BF8B-44DD-A499-3D40464BE9C1
POINT (-122.401828432968 37.8042889168566),499,,,,METER,2012-07-01T00:00:00.000,,,,,1,,8,,2014-10-21T16:45:33.000,JAH,{7A130247-D988-4510-92C9-367EE117E5E6},FIRE SERVICE FOR CRUISE TERMINAL,Cruise Terminal AB,ACT,7A130247-D988-4510-92C9-367EE117E5E6
POINT (-122.401899413897 37.80424924729),500,,,,METER,2012-07-01T00:00:00.000,,,,,1,,8,,2014-10-21T16:45:33.000,JAH,{3EB67ED6-A870-439D-9BDD-C8016D3AB9F6},RECLAIM WATER SERVICE,Cruise Terminal AB,ACT,3EB67ED6-A870-439D-9BDD-C8016D3AB9F6
POINT (-122.401027211904 37.8033358587237),501,,,,METER,2012-07-01T00:00:00.000,,,,,1,,12,,2013-03-29T11:29:13.000,JAH,{B69F728C-76DA-421E-819B-9198CBBCEF0C},,,ACT,B69F728C-76DA-421E-819B-9198CBBCEF0C
POINT (-122.385734798288 37.7881760148904),502,,,,METER,,,,,,1,,1,,2014-06-19T14:48:50.000,JAH,{63D4187E-0800-4AF1-9979-E80BDD5A3DD4},,Field Visit,ACT,63D4187E-0800-4AF1-9979-E80BDD5A3DD4
POINT (-122.386141420045 37.7881091173575),503,,,,METER,,,,,,1,,1,,2014-06-19T14:48:50.000,JAH,{7AB52E05-D6BD-4306-89B9-4D5F2A0A23E6},,Field Visit,ACT,7AB52E05-D6BD-4306-89B9-4D5F2A0A23E6
POINT (-122.387977220074 37.7818730267961),504,,,,METER,,,,,,1,,8,,2014-11-25T17:38:17.000,JAH,{71E1BEBA-0863-46F6-800B-465A88AC5724},,,ACT,71E1BEBA-0863-46F6-800B-465A88AC5724
POINT (-122.387981640889 37.7818746935352),505,,,,METER,,,,,,1,,8,,2014-11-25T17:38:21.000,JAH,{105975CF-085C-4F60-972F-F6556EE6474B},,,ACT,105975CF-085C-4F60-972F-F6556EE6474B
POINT (-122.3879842788 37.7818784075357),506,,,,METER,,,,,,1,,8,,2014-11-25T17:38:23.000,JAH,{30E420BB-E69A-400A-AA11-AB565728B1BF},,,ACT,30E420BB-E69A-400A-AA11-AB565728B1BF
POINT (-122.388014627474 37.7823641144179),507,,,,METER,,,,,,1,,8,,,,{D70C5BB0-2993-4398-83EA-944B25263E10},,,ACT,D70C5BB0-2993-4398-83EA-944B25263E10
POINT (-122.384820994671 37.760646391738),508,,,,METER,,,,,,1,,8,,,,{3F5BCC93-DB23-486B-AAB7-F0F38CD3A428},BAE Water service,,ACT,3F5BCC93-DB23-486B-AAB7-F0F38CD3A428
POINT (-122.387040081228 37.7736201923948),509,,,,METER,,,,,,1,,1,,2013-01-10T15:30:37.000,JAH,{EA1A05F9-6131-49CA-9BBD-A9A447AA60B4},DEDUCT,,ACT,EA1A05F9-6131-49CA-9BBD-A9A447AA60B4
POINT (-122.387033978552 37.7734707503086),510,,,,METER,,,,,,1,,1,,2013-01-10T15:30:40.000,JAH,{6A51BE80-BFE2-4A8B-AB71-88DB54C66791},DEDUCT,,ACT,6A51BE80-BFE2-4A8B-AB71-88DB54C66791
POINT (-122.388359401483 37.7762873266976),511,,,,METER,,,,,,1,,8,,2013-07-30T14:29:00.000,JAH,{4FDAF585-937C-43A8-84A7-882C66138D6C},From China Basin Park Drains,,ACT,4FDAF585-937C-43A8-84A7-882C66138D6C
POINT (-122.389802488772 37.7763593448912),512,,,,METER,,,,,,1,,8,,2013-07-30T14:29:00.000,JAH,{CEBBC9AE-09DE-41A2-9BE6-2DB6ADB705A6},From China Basin Park Drains,,ACT,CEBBC9AE-09DE-41A2-9BE6-2DB6ADB705A6
POINT (-122.416069920154 37.8082412615882),513,,,,METER,,,,,,1,,8,,2013-07-31T16:57:42.000,JAH,{244D601E-9A16-49D4-9427-ACC639DA436B},Master M. for restaurants. Currently SFWD is the account holder.,Field Investigation,ACT,244D601E-9A16-49D4-9427-ACC639DA436B
POINT (-122.404944957666 37.8069361077707),514,,,,METER,,,,,,1,,1,,2014-01-21T10:41:05.000,JAH,{1B0F13C4-3CF5-423B-BFB4-D8FB874D848D},,Surevey,ACT,1B0F13C4-3CF5-423B-BFB4-D8FB874D848D
POINT (-122.384090899369 37.7503730015177),515,,,,METER,,,,,,1,,8,,2014-09-19T10:38:50.000,JAH,{2CE9070F-CDB1-4A82-B137-158E45B24F79},Acc#1952985751,P#6490.2,ACT,2CE9070F-CDB1-4A82-B137-158E45B24F79
POINT (-122.415917597461 37.8089820758667),516,,,,WM,,,,,,1,,0,,2011-02-03T00:00:00.000,JS,{5A255B37-052C-4044-98FC-CB2CF82DC4C6},meter; ; ,1498J_TaylorSt_Improvements_UT-REF,ACT,5A255B37-052C-4044-98FC-CB2CF82DC4C6
POINT (-122.415923023077 37.8089535743476),517,,,,WM,,,,,,1,,0,,2011-02-03T00:00:00.000,JS,{47DB72C1-82DB-4607-9B90-788ECF95E923},meter; ; ,1498J_TaylorSt_Improvements_UT-REF,ACT,47DB72C1-82DB-4607-9B90-788ECF95E923
POINT (-122.415966483664 37.8086466079735),518,,,,METER,,,,,,1,,0,,2011-02-03T00:00:00.000,JS,{BCDF93AD-9E8E-4760-8E05-6547E4EF9062},meter; WATER_NODES_LINE; ,1498J_TaylorSt_Improvements_UT-REF,ACT,BCDF93AD-9E8E-4760-8E05-6547E4EF9062
POINT (-122.415922487692 37.8088940084897),519,,,,METER,,,,,,1,,0,,2011-02-03T00:00:00.000,JS,{78D21213-6485-460E-8AB1-6DC75C1DB479},meter; WATER_NODES_LINE; ,1498J_TaylorSt_Improvements_UT-REF,ACT,78D21213-6485-460E-8AB1-6DC75C1DB479