WKT,objectid,facilityid,installdate,locdesc,rotation,diameter,valvetype,enabled,activeflag,ownedby,maintby,lastupdate,lasteditor,globalid,comments,doc_name,status,ResourceID
POINT (-122.385754099402 37.7703104034502),1,,,,,0,,1,,1,,2011-03-08T00:00:00.000,JS,{281AA46A-0B69-4B02-A148-CBBE2B6A052F}, LOCATION APPROX.PER PORT PLUMBER DAVE RAUENBUHLER,,INACT,281AA46A-0B69-4B02-A148-CBBE2B6A052F
POINT (-122.369034222507 37.7412507897376),2,,,,,0,VALVE,1,,1,,,,{FBD1A604-514F-44A4-A859-A7415F93B69D}, ZZ - Water - Valve-Equipment from SP_UTIL_LINE owner = port,,UNK,FBD1A604-514F-44A4-A859-A7415F93B69D
POINT (-122.373040514459 37.7396884581823),3,,,,,0,VALVE,1,,1,,,,{D18127C5-0B2A-41A1-951F-7B7172B807F3}, ZZ - Water - Valve-Equipment from SP_UTIL_LINE owner = port,,UNK,D18127C5-0B2A-41A1-951F-7B7172B807F3
POINT (-122.372376958349 37.7398400000593),4,,,,,0,VALVE,1,,1,,,,{355857BF-DDD6-4BF3-B104-C3ABC6D8B1A8}, ZZ - Water - Valve-Equipment from SP_UTIL_LINE owner = port,,UNK,355857BF-DDD6-4BF3-B104-C3ABC6D8B1A8
POINT (-122.397692961194 37.8034774572148),5,,,,,0,VALVE,1,,1,,,,{98C2DA47-B49F-4230-A990-15669C6C685E}, ,,ACT,98C2DA47-B49F-4230-A990-15669C6C685E
POINT (-122.399869719357 37.801917484285),6,,,,,0,VALVE,1,,1,,,,{61FB4744-C7CB-444F-B7CF-72C3541B99AC}, ,,ACT,61FB4744-C7CB-444F-B7CF-72C3541B99AC
POINT (-122.371646360282 37.7436501955155),7,,,,,0,VALVE,1,,1,,,,{E9AF68FF-8FD3-4900-968D-2A77E5F0EC97}, ZZ - Water - Valve-Equipment from SP_UTIL_LINE owner = port,,UNK,E9AF68FF-8FD3-4900-968D-2A77E5F0EC97
POINT (-122.371550409094 37.7436910673657),8,,,,,0,VALVE,1,,1,,,,{04482AF6-AB33-4630-8D15-41EC7EE845E7}, ZZ - Water - Valve-Equipment from SP_UTIL_LINE owner = port,,UNK,04482AF6-AB33-4630-8D15-41EC7EE845E7
POINT (-122.370921971312 37.7435125763121),9,,,,,0,VALVE,1,,1,,,,{ACEDB72C-91A3-4BD7-8D8D-98687518A660}, ZZ - Water - Valve-Equipment from SP_UTIL_LINE owner = port,,UNK,ACEDB72C-91A3-4BD7-8D8D-98687518A660
POINT (-122.370955762023 37.7431677359673),10,,,,,0,VALVE,1,,1,,,,{9B6B3AEC-BB9E-44D9-A336-C775928F8A28}, ZZ - Water - Valve-Equipment from SP_UTIL_LINE owner = port,,UNK,9B6B3AEC-BB9E-44D9-A336-C775928F8A28
POINT (-122.370296247459 37.7425607100546),11,,,,,0,VALVE,1,,1,,,,{E518D24A-1897-42E1-B194-538114BE5FEE}, ZZ - Water - Valve-Equipment from SP_UTIL_LINE owner = port,,UNK,E518D24A-1897-42E1-B194-538114BE5FEE
POINT (-122.368296231257 37.7401568540577),12,,,,,0,VALVE,1,,1,,,,{1D038466-9C89-4ECC-BF3F-F8CB560EE7E2}, ZZ - Water - Valve-Equipment from SP_UTIL_LINE owner = port,,UNK,1D038466-9C89-4ECC-BF3F-F8CB560EE7E2
POINT (-122.36910179997 37.7408926392995),13,,,,,0,VALVE,1,,1,,,,{7518A0B9-C609-42F3-AC41-56A9151CA952}, ZZ - Water - Valve-Equipment from SP_UTIL_LINE owner = port,,UNK,7518A0B9-C609-42F3-AC41-56A9151CA952
POINT (-122.371370789995 37.7404570809276),14,,,,,0,VALVE,1,,1,,2011-02-28T00:00:00.000,JS,{7801AF5E-BC4E-405A-86C1-123782A74299}, ZZ - Water - Valve-Equipment from SP_UTIL_LINE owner = port,,UNK,7801AF5E-BC4E-405A-86C1-123782A74299
POINT (-122.373729504981 37.7415880454114),15,,,,,0,VALVE,1,,1,,,,{0E35B9C9-ADB3-48E0-B1E1-413127DE96DE}, ZZ - Water - Valve-Equipment from SP_UTIL_LINE owner = port,,UNK,0E35B9C9-ADB3-48E0-B1E1-413127DE96DE
POINT (-122.372423579655 37.7400452234654),16,,,,,0,BFP,1,,1,,2011-02-28T00:00:00.000,JS,{E87BF833-3CEC-4DEB-9DA7-A6521FE7F0AD}, LOCATION PER PORT PLUMBER DAVE RAUENBUHLER,,ACT,E87BF833-3CEC-4DEB-9DA7-A6521FE7F0AD
POINT (-122.36884119385 37.7408187395532),17,,,,,0,BFP,1,,1,,2011-02-28T00:00:00.000,JS,{7131647E-B65F-4D6D-96FF-35171CF7A9F5}, LOCATION PER PORT PLUMBER DAVE RAUENBUHLER,,ACT,7131647E-B65F-4D6D-96FF-35171CF7A9F5
POINT (-122.368048133713 37.7405338067038),18,,,,,0,BFP,1,,1,,2011-02-28T00:00:00.000,JS,{C199931E-93E2-4AD5-85FD-2A0B7CA8A988}, LOCATION PER PORT PLUMBER DAVE RAUENBUHLER,,ACT,C199931E-93E2-4AD5-85FD-2A0B7CA8A988
POINT (-122.371892108682 37.7442360447232),19,,,,,0,BFP,1,,1,,2011-02-28T00:00:00.000,JS,{B5DB637E-3133-4194-8071-101A9F6D0290}, LOCATION PER PORT PLUMBER DAVE RAUENBUHLER,,ACT,B5DB637E-3133-4194-8071-101A9F6D0290
POINT (-122.394029717452 37.7966826765775),20,,,,,0,BFP,1,,1,,2011-02-28T00:00:00.000,JS,{AEDCD9DA-A34D-4AB9-881C-7DB6B1B09299}, LOCATION PER PORT PLUMBER DAVE RAUENBUHLER,,ACT,AEDCD9DA-A34D-4AB9-881C-7DB6B1B09299
POINT (-122.392178903405 37.7947844484056),21,,,,,0,BFP,1,,1,,2011-02-28T00:00:00.000,JS,{AA8E54A5-A2E5-4211-87EB-D1A321704FCB}, LOCATION PER PORT PLUMBER DAVE RAUENBUHLER,LOCATION PER PORT PLUMBER DAVE RAUENBUHLER,ACT,AA8E54A5-A2E5-4211-87EB-D1A321704FCB
POINT (-122.395370631745 37.7979115335923),22,,,,,0,BFP,1,,1,,2011-03-01T00:00:00.000,JS,{6C7E2F01-96E9-4B47-AC7C-E0663A5D8465}, LOCATION PER PORT PLUMBER DAVE RAUENBUHLER,,ACT,6C7E2F01-96E9-4B47-AC7C-E0663A5D8465
POINT (-122.400402253991 37.8030069459752),23,,,,,0,VALVE,1,,1,,,,{74B5C5D0-C1D1-404E-AAF5-CCE7D2054966}, ,P23-Water&Power.jpg,ACT,74B5C5D0-C1D1-404E-AAF5-CCE7D2054966
POINT (-122.400693597167 37.8032835703696),24,,,,,0,VALVE,1,,1,,,,{6046E2D0-F3CA-4B39-8294-DD2AB6883421}, ,P23-Water&Power.jpg,ACT,6046E2D0-F3CA-4B39-8294-DD2AB6883421
POINT (-122.400676825373 37.8032944289822),25,,,,,0,VALVE,1,,1,,,,{DCE76C2F-C673-4C98-B6C5-F23869DEA5C0}, ,P23-Water&Power.jpg,ACT,DCE76C2F-C673-4C98-B6C5-F23869DEA5C0
POINT (-122.401067682862 37.80327156115),26,,,,,0,VALVE,1,,1,,,,{BB56D3FD-ACF5-4C00-AD81-F44821CBFF04}, ,P23-Water&Power.jpg,ACT,BB56D3FD-ACF5-4C00-AD81-F44821CBFF04
POINT (-122.418863112509 37.8089642263291),27,,,,,0,VALVE,1,,1,,2010-12-02T00:00:00.000,JS,{D0439D88-EFA7-41D7-9A1C-1A72D947EF4B}, ,Pier47- Below Deck Fire Protection.dwg,ACT,D0439D88-EFA7-41D7-9A1C-1A72D947EF4B
POINT (-122.418908115419 37.809063911637),28,,,,,0,VALVE,1,,1,,2010-12-02T00:00:00.000,JS,{CA803BB5-0D6E-4DAF-BC6D-378772DD5B3A}, ,Pier47- Below Deck Fire Protection.dwg,ACT,CA803BB5-0D6E-4DAF-BC6D-378772DD5B3A
POINT (-122.418615642634 37.8089542754534),29,,,,,0,VALVE,1,,1,,2010-12-02T00:00:00.000,JS,{1689E52F-C6B6-4085-A8BD-2CFF3CAE6541}, ,Pier47- Below Deck Fire Protection.dwg,ACT,1689E52F-C6B6-4085-A8BD-2CFF3CAE6541
POINT (-122.417895183728 37.8089555060332),30,,,,,0,VALVE,1,,1,,2010-12-02T00:00:00.000,JS,{8F2CFF5E-06C2-4633-8485-D31C862BD0D5}, ,Pier47- Below Deck Fire Protection.dwg,ACT,8F2CFF5E-06C2-4633-8485-D31C862BD0D5
POINT (-122.387294740531 37.7887536708149),31,,,,,0,BFP,1,,1,,2011-03-04T00:00:00.000,JS,{8B72B473-A207-47B1-915C-988070DA4826}, SIZE/MATL/STATUS/LOCATION PER PORT PLUMBER DAVE,,ACT,8B72B473-A207-47B1-915C-988070DA4826
POINT (-122.386861118653 37.7855582530366),32,,,,,0,BFP,1,,1,,2011-03-08T00:00:00.000,JS,{D6846960-22D6-49BF-8F11-F0E180E2E0B5}, LOCATION APPROX.PER PORT PLUMBER DAVE RAUENBUHLER,,ACT,D6846960-22D6-49BF-8F11-F0E180E2E0B5
POINT (-122.388010745717 37.7821861434503),33,,,,,0,BFP,1,,1,,2011-03-08T00:00:00.000,JS,{FEAD14CC-8A9B-40F8-A1F3-9908378BDB64}, LOCATION APPROX.PER PORT PLUMBER DAVE RAUENBUHLER,,ACT,FEAD14CC-8A9B-40F8-A1F3-9908378BDB64
POINT (-122.385789124377 37.770244111476),34,,,,,0,VALVE,1,,1,,2011-03-08T00:00:00.000,JS,{F13471E9-5DBA-4281-B57B-ACCBC70C0D7E}, ,,ACT,F13471E9-5DBA-4281-B57B-ACCBC70C0D7E
POINT (-122.385646674751 37.7702437091521),35,,,,,0,VALVE,1,,1,,2011-03-08T00:00:00.000,JS,{9D21A9E2-05B9-4867-997B-14457150BB8D}, ,,ACT,9D21A9E2-05B9-4867-997B-14457150BB8D
POINT (-122.405106904045 37.8066107661339),36,,,,,4,BFP,1,,1,,2014-01-21T00:00:00.000,JAH,{F2568BAD-675A-4FC8-8EFA-2F847F847CA0},"BFP inside utility enclosure, next to gas meters.",Field Survey.,ACT,F2568BAD-675A-4FC8-8EFA-2F847F847CA0
POINT (-122.415628947394 37.8092073963261),37,,,,,0,BFP,1,,1,,2011-03-04T00:00:00.000,JS,{69C8BC12-EA1F-4A8D-B1D9-06FC02A17647}, LOCATION PER PORT PLUMBER DAVE RAUENBUHLER,,ACT,69C8BC12-EA1F-4A8D-B1D9-06FC02A17647
POINT (-122.416330240848 37.8092484478164),38,,,,,0,BFP,1,,1,,2011-03-04T00:00:00.000,JS,{2446D27A-1AA0-45F6-9944-F11A81BA8347}, LOCATION PER PORT PLUMBER DAVE RAUENBUHLER,,ACT,2446D27A-1AA0-45F6-9944-F11A81BA8347
POINT (-122.417767505423 37.8084566528497),39,,,,,0,BFP,1,,1,,2010-12-02T00:00:00.000,JS,{8DC9B200-BD59-4CF9-A4B1-9F6D28CBE14F}, ,Pier47- Below Deck Fire Protection.dwg,ACT,8DC9B200-BD59-4CF9-A4B1-9F6D28CBE14F
POINT (-122.375711927782 37.7415359664101),40,,,,,0,VALVE,1,,1,,2010-11-15T00:00:00.000,JAH,{1CEA4A27-5A07-4CE1-8EA6-2B7CE4833B0A}, ,,ACT,1CEA4A27-5A07-4CE1-8EA6-2B7CE4833B0A
POINT (-122.375248967493 37.7414608857406),41,,,,,0,VALVE,1,,1,,2010-11-15T00:00:00.000,JAH,{70BE46C8-7945-46C5-81CE-12D9057D565D}, ,,ACT,70BE46C8-7945-46C5-81CE-12D9057D565D
POINT (-122.373750697166 37.7423499719371),42,,,,,0,VALVE,1,,1,,2010-11-15T00:00:00.000,JAH,{B586E9EE-B18C-4DCE-9731-CE1ACF318041}, ,,ACT,B586E9EE-B18C-4DCE-9731-CE1ACF318041
POINT (-122.372567794467 37.7430054218614),43,,,,,0,VALVE,1,,1,,2010-11-15T00:00:00.000,JAH,{D477D9F0-9C55-421B-A91A-35BFAAF3B5E8}, ,,ACT,D477D9F0-9C55-421B-A91A-35BFAAF3B5E8
POINT (-122.373767987553 37.7442843036833),44,,,,,0,VALVE,1,,1,,2010-11-15T00:00:00.000,JAH,{86B281A6-3FF4-4A01-8688-31EED4E3200C}, ,,ACT,86B281A6-3FF4-4A01-8688-31EED4E3200C
POINT (-122.371931071392 37.7441365365954),45,,,,,0,VALVE,1,,1,,2010-11-15T00:00:00.000,JAH,{58588562-E51A-41EF-9D24-3FE710AC0CF7}, ,,ACT,58588562-E51A-41EF-9D24-3FE710AC0CF7
POINT (-122.372761150727 37.7450417895514),46,,,,,0,VALVE,1,,1,,2010-11-15T00:00:00.000,JAH,{5D62E186-6027-4F3D-9DD3-5E10B94768FF}, ,,ACT,5D62E186-6027-4F3D-9DD3-5E10B94768FF
POINT (-122.371746279614 37.7435699271177),47,,,,,0,VALVE,1,,1,,2010-11-15T00:00:00.000,JAH,{5F2D74F6-1109-43DA-85EC-BF423CCB4CA1}, ,,ACT,5F2D74F6-1109-43DA-85EC-BF423CCB4CA1
POINT (-122.371588669544 37.7437121356544),48,,2013-07-01T00:00:00.000,,,144,VALVE,1,,1,,2014-04-25T00:00:00.000,JAH,{2ECABFCB-6EB5-45A3-B71D-72BACA5BC4F2},Installed by Maintenance in 2013,Field Survey,ACT,2ECABFCB-6EB5-45A3-B71D-72BACA5BC4F2
POINT (-122.372124763873 37.7439888815053),49,,,,,0,VALVE,1,,1,,2010-11-15T00:00:00.000,JAH,{F551FB7F-B8B3-455B-90CB-88CDD90F3E41}, ,,ACT,F551FB7F-B8B3-455B-90CB-88CDD90F3E41
POINT (-122.372909302599 37.7448135666508),50,,,,,0,VALVE,1,,1,,2010-11-15T00:00:00.000,JAH,{5B85C67C-EB1A-4BD3-AFFE-A8B3FB5085AF}, ,,ACT,5B85C67C-EB1A-4BD3-AFFE-A8B3FB5085AF
POINT (-122.374868399111 37.7438443171032),51,,,,,0,VALVE,1,,1,,2010-11-15T00:00:00.000,JAH,{4152236D-0349-40EF-A724-C24D69D41637}, ,,ACT,4152236D-0349-40EF-A724-C24D69D41637
POINT (-122.374148362731 37.7427817447583),52,,,,,0,VALVE,1,,1,,2010-11-15T00:00:00.000,JAH,{D1410A93-DB90-464A-AF8A-398652954187}, ,,ACT,D1410A93-DB90-464A-AF8A-398652954187
POINT (-122.374900720572 37.7417404576784),53,,,,,0,VALVE,1,,1,,2010-11-15T00:00:00.000,JAH,{FF438A6C-BCBE-42DD-9B3E-726C77AA0371}, ,,ACT,FF438A6C-BCBE-42DD-9B3E-726C77AA0371
POINT (-122.375377899399 37.7418692528914),54,,,,,0,VALVE,1,,1,,2010-11-15T00:00:00.000,JAH,{6B2EC80A-CE44-414B-B91E-4F6DF15E000E}, ,,ACT,6B2EC80A-CE44-414B-B91E-4F6DF15E000E
POINT (-122.371571467741 37.7421074441221),55,,,,,0,VALVE,1,,1,,,,{BC4360F4-6B37-4995-A43E-1598B57C5F10}, ZZ - Water - Valve-Equipment from SP_UTIL_LINE owner = port,,UNK,BC4360F4-6B37-4995-A43E-1598B57C5F10
POINT (-122.371553682544 37.7415719509031),56,,,,,0,VALVE,1,,1,,,,{12D82B5C-A842-4E93-8E09-3AF1EAC8869D}, ZZ - Water - Valve-Equipment from SP_UTIL_LINE owner = port,,UNK,12D82B5C-A842-4E93-8E09-3AF1EAC8869D
POINT (-122.369698972249 37.7418959499493),57,,,,,0,VALVE,1,,1,,,,{FB4A2CE2-F6A9-486C-BFEF-69892481E375}, ZZ - Water - Valve-Equipment from SP_UTIL_LINE owner = port,,UNK,FB4A2CE2-F6A9-486C-BFEF-69892481E375
POINT (-122.369575693164 37.7417676654297),58,,,,,0,VALVE,1,,1,,2011-02-28T00:00:00.000,JS,{CAC2FB45-204D-4F9F-A706-6E7A554C68E7}, ZZ - Water - Valve-Equipment from SP_UTIL_LINE owner = port,,UNK,CAC2FB45-204D-4F9F-A706-6E7A554C68E7
POINT (-122.376957917866 37.73997173988),59,,,,,0,VALVE,1,,1,,,,{CBFFAB56-EE48-40A4-B396-DDABDC67FD96}, ZZ - Water - Valve-Equipment from SP_UTIL_LINE owner = port,,UNK,CBFFAB56-EE48-40A4-B396-DDABDC67FD96
POINT (-122.376934502153 37.7399952650732),60,,,,,0,VALVE,1,,1,,,,{F9D56648-BC18-481C-AFB3-60C4890E0B8A}, ZZ - Water - Valve-Equipment from SP_UTIL_LINE owner = port,,UNK,F9D56648-BC18-481C-AFB3-60C4890E0B8A
POINT (-122.376911338601 37.7400187997628),61,,,,,0,VALVE,1,,1,,,,{8AFAC01C-8A38-4177-95AD-2BF40E010A6C}, ZZ - Water - Valve-Equipment from SP_UTIL_LINE owner = port,,UNK,8AFAC01C-8A38-4177-95AD-2BF40E010A6C
POINT (-122.376892695883 37.7400377365377),62,,,,,0,VALVE,1,,1,,,,{0511C0E6-42CE-4E5A-889F-F4903E4F46AE}, ZZ - Water - Valve-Equipment from SP_UTIL_LINE owner = port,,UNK,0511C0E6-42CE-4E5A-889F-F4903E4F46AE
POINT (-122.37694843879 37.7400036956336),63,,,,,0,VALVE,1,,1,,,,{0FDF7C23-4D0D-428B-90C6-797BB149AECA}, ZZ - Water - Valve-Equipment from SP_UTIL_LINE owner = port,,UNK,0FDF7C23-4D0D-428B-90C6-797BB149AECA
POINT (-122.376611962794 37.7406524093321),64,,,,,0,VALVE,1,,1,,,,{F4220A4F-8A2C-4C4F-B773-0FD2EDE1C525}, ZZ - Water - Valve-Equipment from SP_UTIL_LINE owner = port,,UNK,F4220A4F-8A2C-4C4F-B773-0FD2EDE1C525
POINT (-122.37248861156 37.7403481621548),65,,,,,0,VALVE,1,,1,,,,{2BF8A4A2-F50C-4D28-B047-10BFEB4556AA}, ZZ - Water - Valve-Equipment from SP_UTIL_LINE owner = port,,UNK,2BF8A4A2-F50C-4D28-B047-10BFEB4556AA
POINT (-122.401321393257 37.8063113490238),66,,1967-07-01T00:00:00.000,,,0,VALVE,1,,1,,2010-11-17T00:00:00.000,JS,{C8F1ADB8-0645-4846-9066-C38CF4DF7AD0}, Chain operated gate valve. Secure chain on wall 4' up,7428-27-1,ACT,C8F1ADB8-0645-4846-9066-C38CF4DF7AD0
POINT (-122.368995390358 37.7409777028661),67,,,,,0,VALVE,1,,1,,,,{95DF4263-5787-445A-9298-5636930518B0}, ZZ - Water - Valve-Equipment from SP_UTIL_LINE owner = port,,UNK,95DF4263-5787-445A-9298-5636930518B0
POINT (-122.38773848055 37.7865123204399),68,,,,,0,VALVE,1,,8,,,JAH,{63B5433E-5ABC-4D9D-897D-89C5AEBA8D40},,15694-4027-W,ACT,63B5433E-5ABC-4D9D-897D-89C5AEBA8D40
POINT (-122.387756038265 37.7864973883689),69,,,,,0,VALVE,1,,8,,,JAH,{E6EE69EE-94CE-4F81-900F-469DFC453F25},,15694-4027-W,ACT,E6EE69EE-94CE-4F81-900F-469DFC453F25
POINT (-122.387740805632 37.7864828605345),70,,,,,0,VALVE,1,,8,,,JAH,{5BB79BD2-2D0F-4FF0-8A8C-981741CB2D60},,15694-4027-W,ACT,5BB79BD2-2D0F-4FF0-8A8C-981741CB2D60
POINT (-122.387884595237 37.7850224591599),71,,,,,0,VALVE,1,,8,,,JAH,{E3AE009F-0ECF-4773-8A87-5776D7D89844},,15694-4027-W,ACT,E3AE009F-0ECF-4773-8A87-5776D7D89844
POINT (-122.387903408963 37.7850098690154),72,,,,,0,VALVE,1,,8,,,JAH,{4CA45548-2C20-4A22-ABDC-D10A0A5F0F3E},,15694-4027-W,ACT,4CA45548-2C20-4A22-ABDC-D10A0A5F0F3E
POINT (-122.38788709877 37.7849952881604),73,,,,,0,VALVE,1,,8,,,JAH,{0C868F15-56C7-4C04-B48F-9E6E3FDF9361},,15694-4027-W,ACT,0C868F15-56C7-4C04-B48F-9E6E3FDF9361
POINT (-122.388170160223 37.7850095618024),74,,,,,0,VALVE,1,,8,,,JAH,{7D2E53DE-F728-46CC-BE41-2E5EC3AA8F20},,15694-4027-W,ACT,7D2E53DE-F728-46CC-BE41-2E5EC3AA8F20
POINT (-122.388164843613 37.7850759723647),75,,,,,0,VALVE,1,,8,,,JAH,{E5ED0008-912D-461C-9BDD-D3DCC980FF81},,15694-4027-W,ACT,E5ED0008-912D-461C-9BDD-D3DCC980FF81
POINT (-122.388202422886 37.7848206842074),76,,,,,0,VALVE,1,,8,,,JAH,{67B5BF8D-363D-487F-9076-83855D803437},,15694-4027-W,ACT,67B5BF8D-363D-487F-9076-83855D803437
POINT (-122.419006342006 37.807773584279),77,,,,,0,VALVE,1,,8,,2012-05-03T16:49:47.000,JAH,{A5BB4F16-777A-44C2-BA19-7D6139D6171A},,12510-302-C,ACT,A5BB4F16-777A-44C2-BA19-7D6139D6171A
POINT (-122.41909469035 37.8076859124503),78,,,,,0,VALVE,1,,8,,2012-05-03T16:49:49.000,JAH,{DB345960-DF14-4775-AF82-A244E58D3860},,12510-302-C,ACT,DB345960-DF14-4775-AF82-A244E58D3860
POINT (-122.372816109568 37.7403091492002),79,,,,,0,VALVE,1,,1,,2012-06-18T12:19:57.000,JAH,{1C72507A-4E48-447E-80CC-E311006C1820},,8089-96-1,ACT,1C72507A-4E48-447E-80CC-E311006C1820
POINT (-122.394943030808 37.7965310035667),80,,1997-07-01T00:00:00.000,,,0,VALVE,1,,8,,2012-06-25T13:57:07.000,JAH,{D26A20F7-A4B2-4EAE-B3E3-83C89B28499D},,14822-4023-W,ACT,D26A20F7-A4B2-4EAE-B3E3-83C89B28499D
POINT (-122.395082150101 37.7966681912334),81,,1997-07-01T00:00:00.000,,,0,VALVE,1,,8,,2012-06-25T13:57:08.000,JAH,{B7FF113B-CEC3-41AE-A027-E90DD4158B94},,14822-4023-W,ACT,B7FF113B-CEC3-41AE-A027-E90DD4158B94
POINT (-122.395093063823 37.7966948700667),82,,,,,0,VALVE,1,,8,,2012-06-25T14:31:13.000,JAH,{62C7470D-6DB4-436E-ABA1-724CF0A6DFED},,14822-4023-W,ACT,62C7470D-6DB4-436E-ABA1-724CF0A6DFED
POINT (-122.395091887591 37.7967037397432),83,,,,,0,VALVE,1,,8,,2012-06-25T14:31:14.000,JAH,{422B4038-A0E6-4FEB-B9FD-5E2D6C75CD16},,14822-4023-W,ACT,422B4038-A0E6-4FEB-B9FD-5E2D6C75CD16
POINT (-122.395043886813 37.7966627229867),84,,,,,0,VALVE,1,,8,,2012-06-25T14:31:16.000,JAH,{8F3EAF2C-3FB5-4EEF-8BA1-C2F31E51ABD6},,14822-4023-W,ACT,8F3EAF2C-3FB5-4EEF-8BA1-C2F31E51ABD6
POINT (-122.394956377394 37.7965539979266),85,,,,,0,VALVE,1,,8,,2012-06-25T14:31:17.000,JAH,{9AD39163-64DF-40B3-87A4-58ECE6E0139E},,14822-4023-W,ACT,9AD39163-64DF-40B3-87A4-58ECE6E0139E
POINT (-122.395173147569 37.7967923095705),86,,,,,0,VALVE,1,,8,,2012-06-25T14:31:17.000,JAH,{9DA76739-9542-4032-9B74-620A4AEFF19E},,14822-4023-W,ACT,9DA76739-9542-4032-9B74-620A4AEFF19E
POINT (-122.395113647104 37.7966844844853),87,,1997-07-01T00:00:00.000,,,0,VALVE,1,,8,,2012-06-25T14:41:37.000,JAH,{F7F37D87-A84D-4960-B35B-EAC296430C06},,14822-4023-W,ACT,F7F37D87-A84D-4960-B35B-EAC296430C06
POINT (-122.38750320811 37.7881116551879),88,,,,,4,BFP,1,,1,,2012-08-15T10:57:50.000,JAH,{6D8DDD50-1C03-4023-B649-53C59A773775},"Vertical, on Raiser.",,ACT,6D8DDD50-1C03-4023-B649-53C59A773775
POINT (-122.3874347893 37.7878021695061),89,,2012-07-01T00:00:00.000,,,3,BFP,1,,1,,2012-08-15T11:03:59.000,JAH,{C2FCE7C4-053B-405C-B279-C617ACF14056},"3"" Wilkins 375",,ACT,C2FCE7C4-053B-405C-B279-C617ACF14056
POINT (-122.387876939609 37.7886925931173),90,,,,,0,VALVE,1,,8,,2012-08-14T11:37:07.000,JAH,{C0FC8E5E-0413-421B-8A54-98EF108CF386},"Assumed, Google Street shows valve.",,ACT,C0FC8E5E-0413-421B-8A54-98EF108CF386
POINT (-122.387650854894 37.7878242877796),91,,,,,0,VALVE,1,,8,,,,{360A75BA-C5F3-422B-8388-B6A308132CA7},,,ACT,360A75BA-C5F3-422B-8388-B6A308132CA7
POINT (-122.388336140279 37.7896834935783),92,,,,,0,VALVE,1,,8,,2012-08-14T10:29:14.000,JAH,{3027ACB8-46BC-4D35-8B04-A9C1F7CAB4B7},,SOUTH-EMB PROJECT,ACT,3027ACB8-46BC-4D35-8B04-A9C1F7CAB4B7
POINT (-122.388342695243 37.7896730976963),93,,,,,0,VALVE,1,,8,,2012-08-14T10:29:14.000,JAH,{AC58F310-8974-4A29-95F6-9C2F99CE5567},,SOUTH-EMB PROJECT,ACT,AC58F310-8974-4A29-95F6-9C2F99CE5567
POINT (-122.388328190487 37.7896693160067),94,,,,,0,VALVE,1,,8,,2012-08-14T10:29:14.000,JAH,{927D337F-EF40-4032-AE17-22735D6FD638},,SOUTH-EMB PROJECT,ACT,927D337F-EF40-4032-AE17-22735D6FD638
POINT (-122.388377402437 37.7897797667772),95,,,,,0,VALVE,1,,8,,2012-08-14T10:29:14.000,JAH,{836A64C5-7029-4014-BD89-D24CC9DCBA56},,SOUTH-EMB PROJECT,ACT,836A64C5-7029-4014-BD89-D24CC9DCBA56
POINT (-122.388337307866 37.7896194620155),96,,,,,0,VALVE,1,,8,,2012-08-14T10:29:14.000,JAH,{64CA672B-2C96-4DEE-A064-758B8E017893},,SOUTH-EMB PROJECT,ACT,64CA672B-2C96-4DEE-A064-758B8E017893
POINT (-122.388368104449 37.7896260288716),97,,,,,0,VALVE,1,,8,,2012-08-14T10:29:14.000,JAH,{254551F7-1DC7-49C4-9F27-6F494B6A0877},,SOUTH-EMB PROJECT,ACT,254551F7-1DC7-49C4-9F27-6F494B6A0877
POINT (-122.388392527503 37.7896173033459),98,,,,,0,VALVE,1,,8,,2012-08-14T10:29:14.000,JAH,{14097EE1-1149-4FF0-AE68-F05311DFF1D2},,SOUTH-EMB PROJECT,ACT,14097EE1-1149-4FF0-AE68-F05311DFF1D2
POINT (-122.388695086534 37.7895108315804),99,,,,,0,VALVE,1,,8,,2012-08-14T10:29:14.000,JAH,{41804730-A354-4AF0-8063-7BA713DFCB0E},,SOUTH-EMB PROJECT,ACT,41804730-A354-4AF0-8063-7BA713DFCB0E
POINT (-122.388727654085 37.7894587084824),100,,,,,0,VALVE,1,,8,,2012-08-14T10:29:14.000,JAH,{2CAD83AB-44E3-47CE-BBA4-2980AF9A77F4},,SOUTH-EMB PROJECT,ACT,2CAD83AB-44E3-47CE-BBA4-2980AF9A77F4
POINT (-122.388887658481 37.7893163813576),101,,,,,0,VALVE,1,,8,,2012-08-14T10:29:14.000,JAH,{DB3AF4F6-7038-4EC9-B0F2-2AB8DE8EAC28},,SOUTH-EMB PROJECT,ACT,DB3AF4F6-7038-4EC9-B0F2-2AB8DE8EAC28
POINT (-122.38813631903 37.7893435375723),102,,,,,0,VALVE,1,,8,,2012-08-14T10:29:14.000,JAH,{FA5F19FB-D7C8-4300-8484-D1C4A460C330},,SOUTH-EMB PROJECT,ACT,FA5F19FB-D7C8-4300-8484-D1C4A460C330
POINT (-122.387980853915 37.7890321729103),103,,,,,0,VALVE,1,,8,,2012-08-14T10:29:14.000,JAH,{865D8B93-D555-4AE5-B088-8A793340C8FE},,SOUTH-EMB PROJECT,ACT,865D8B93-D555-4AE5-B088-8A793340C8FE
POINT (-122.387943671203 37.7889332874386),104,,,,,0,VALVE,1,,8,,2012-08-14T10:29:14.000,JAH,{5627B46D-F9C2-4504-B565-B79009A5FA78},,SOUTH-EMB PROJECT,ACT,5627B46D-F9C2-4504-B565-B79009A5FA78
POINT (-122.387686266622 37.7879030389528),105,,,,,0,VALVE,1,,8,,2012-08-14T10:29:14.000,JAH,{F40945E8-F583-4B54-AC58-17B94D177287},,SOUTH-EMB PROJECT,ACT,F40945E8-F583-4B54-AC58-17B94D177287
POINT (-122.387680941595 37.7878824333486),106,,,,,0,VALVE,1,,8,,2012-08-14T10:29:14.000,JAH,{B5C1172C-8D65-483A-B3C9-8B908E960621},,SOUTH-EMB PROJECT,ACT,B5C1172C-8D65-483A-B3C9-8B908E960621
POINT (-122.387761541849 37.7878771244281),107,,,,,0,VALVE,1,,8,,2012-08-14T10:29:14.000,JAH,{D5E4CCC8-26E9-452E-B190-ADA96FB4C150},,SOUTH-EMB PROJECT,ACT,D5E4CCC8-26E9-452E-B190-ADA96FB4C150
POINT (-122.388005090728 37.7877681357274),108,,,,,0,VALVE,1,,8,,2012-08-14T10:29:14.000,JAH,{D9353DB9-539B-4733-8854-10015E2CE82F},,SOUTH-EMB PROJECT,ACT,D9353DB9-539B-4733-8854-10015E2CE82F
POINT (-122.388012879426 37.7878197593359),109,,,,,0,VALVE,1,,8,,2012-08-14T10:29:14.000,JAH,{ACC1CFA4-D84A-4FEA-8082-B26B6E4F6303},,SOUTH-EMB PROJECT,ACT,ACC1CFA4-D84A-4FEA-8082-B26B6E4F6303
POINT (-122.388090523942 37.7878249118905),110,,,,,0,VALVE,1,,8,,2012-08-14T10:29:14.000,JAH,{5D9F0016-C506-462F-BB76-2F4A5AB4558B},,SOUTH-EMB PROJECT,ACT,5D9F0016-C506-462F-BB76-2F4A5AB4558B
POINT (-122.388726881235 37.7894409580339),111,,,,,0,VALVE,1,,8,,2012-08-14T10:29:14.000,JAH,{2F68BBF3-5DF5-4FCC-8A73-AD3E63FDE65B},,SOUTH-EMB PROJECT,ACT,2F68BBF3-5DF5-4FCC-8A73-AD3E63FDE65B
POINT (-122.38868787327 37.7893533581227),112,,,,,0,VALVE,1,,8,,2012-08-14T11:12:03.000,JAH,{4DF953B4-A475-4E4F-957F-EA4382A3C7EA},,SOUTH EMBARCADRO PROJECT,ACT,4DF953B4-A475-4E4F-957F-EA4382A3C7EA
POINT (-122.387943671203 37.7889332874386),113,,,,,0,VALVE,1,,8,,2012-08-14T11:22:38.000,JAH,{90F9E117-95F5-4924-AFF3-530697BE9827},,SOUTH EMBARCADRO PROJECT,ACT,90F9E117-95F5-4924-AFF3-530697BE9827
POINT (-122.388004508133 37.7876194879125),114,,,,,0,VALVE,1,,8,,2012-08-14T11:54:41.000,JAH,{3960170E-3966-4EA3-A604-9F6DE121683C},,SOUTH EMBARCADERO PROJECT,ACT,3960170E-3966-4EA3-A604-9F6DE121683C
POINT (-122.387628605866 37.7877547002447),115,,,,,0,VALVE,1,,8,,2012-08-14T12:05:23.000,JAH,{4FE1E757-5CBE-47C5-A52F-A226200B344E},Assumed. Shown on Google Street.,,ACT,4FE1E757-5CBE-47C5-A52F-A226200B344E
POINT (-122.387717744137 37.7880826794629),116,,,,,0,VALVE,1,,8,,2012-08-15T10:33:47.000,JAH,{271F7BA5-CFC3-4B66-BEAD-243F360D71FF},Googel Street,,ACT,271F7BA5-CFC3-4B66-BEAD-243F360D71FF
POINT (-122.397614484951 37.7998098130081),117,,,,,4,BFP,1,,1,,2012-08-08T15:46:08.000,JAH,{D08EB536-D740-43F3-8FB0-C788871B4B08},,,ACT,D08EB536-D740-43F3-8FB0-C788871B4B08
POINT (-122.416340925653 37.8092383861192),118,,,,,0,BFP,1,,1,,2011-03-04T00:00:00.000,JS,{2DDC7E8F-3063-4395-A882-20D9DF1EA459}, LOCATION PER PORT PLUMBER DAVE RAUENBUHLER,,ACT,2DDC7E8F-3063-4395-A882-20D9DF1EA459
POINT (-122.38780967121 37.788997269402),119,,,,,144,VALVE,1,,1,,2012-09-20T14:06:06.000,JAH,{39D19B12-B9FF-44FF-870F-4527888D5E78},Under Pier Inspection (9/20/2012),,ACT,39D19B12-B9FF-44FF-870F-4527888D5E78
POINT (-122.387800232391 37.7889993346917),120,,,,,144,VALVE,1,,1,,2012-09-20T14:06:06.000,JAH,{85977221-0413-4BBB-ABF0-03A1E8522AA4},Under Pier Inspection (9/20/2012),,ACT,85977221-0413-4BBB-ABF0-03A1E8522AA4
POINT (-122.387805933195 37.7890021083608),121,,,,,144,VALVE,1,,1,,2012-09-20T14:06:06.000,JAH,{D11C3E71-8A39-47BF-B99F-4BC74F0A2CD8},Under Pier Inspection (9/20/2012),,ACT,D11C3E71-8A39-47BF-B99F-4BC74F0A2CD8
POINT (-122.38799179909 37.7894258664715),122,,,,,144,VALVE,1,,1,,2012-09-20T14:06:06.000,JAH,{7C106251-FC69-45FC-B082-07C369EB29FE},Under Pier Inspection (9/20/2012),,ACT,7C106251-FC69-45FC-B082-07C369EB29FE
POINT (-122.38799179909 37.7894258664715),123,,,,,144,VALVE,1,,1,,2012-09-20T14:06:06.000,JAH,{3F8E8050-BB6A-4B5A-B4AC-AD686A8B1C1F},Under Pier Inspection (9/20/2012),,ACT,3F8E8050-BB6A-4B5A-B4AC-AD686A8B1C1F
POINT (-122.387496385421 37.7895663442636),124,,,,,144,VALVE,1,,1,,2012-09-20T14:06:06.000,JAH,{75A1C34A-3119-4812-B34A-483597C604B4},Under Pier Inspection (9/20/2012),,ACT,75A1C34A-3119-4812-B34A-483597C604B4
POINT (-122.387745168621 37.7895286544785),125,,,,,144,VALVE,1,,1,,2012-09-20T14:06:06.000,JAH,{03FB4332-3DBE-45CE-8E9E-5CE197D60B9E},Under Pier Inspection (9/20/2012),,ACT,03FB4332-3DBE-45CE-8E9E-5CE197D60B9E
POINT (-122.385829170223 37.7858473555449),126,,,,,0,VALVE,1,,1,,2012-04-03T15:55:30.000,JAH,{5E6776B4-0031-4588-BA99-9A5CA1BBFB27},,8446-30-1,INACT,5E6776B4-0031-4588-BA99-9A5CA1BBFB27
POINT (-122.385460068163 37.7859194109571),127,,,,,0,VALVE,1,,1,,2012-04-03T15:55:30.000,JAH,{41ED2600-013D-4702-A2DA-294ED2490C95},,8446-30-1,INACT,41ED2600-013D-4702-A2DA-294ED2490C95
POINT (-122.384979800432 37.7859460930623),128,,,,,0,VALVE,1,,1,,2012-04-03T15:55:30.000,JAH,{69FBD22A-7752-419E-A6DA-41960636A020},,8446-30-1,INACT,69FBD22A-7752-419E-A6DA-41960636A020
POINT (-122.384975151037 37.7858946723234),129,,,,,0,VALVE,1,,1,,2012-04-03T15:55:30.000,JAH,{A91A2A89-B4CA-426D-982F-D31AD1252A0B},,8446-30-1,INACT,A91A2A89-B4CA-426D-982F-D31AD1252A0B
POINT (-122.385313156035 37.7870995715733),130,,,,,0,VALVE,1,,1,,2012-04-03T15:55:30.000,JAH,{CB35744B-5734-4FE0-AE8C-4452AA075116},,8446-30-1,INACT,CB35744B-5734-4FE0-AE8C-4452AA075116
POINT (-122.385627317678 37.7870796714624),131,,,,,0,VALVE,1,,1,,2012-04-03T15:55:30.000,JAH,{B212CFCC-77BE-4A8B-B4D9-C9F645899400},,8446-30-1,INACT,B212CFCC-77BE-4A8B-B4D9-C9F645899400
POINT (-122.385622639236 37.7870279321879),132,,,,,0,VALVE,1,,1,,2012-04-03T15:55:30.000,JAH,{A8F66559-3F20-4A3A-ACA3-B31C53697D38},,8446-30-1,INACT,A8F66559-3F20-4A3A-ACA3-B31C53697D38
POINT (-122.385932589201 37.7870625586608),133,,,,,0,VALVE,1,,1,,2012-04-03T15:55:30.000,JAH,{06D9DCCC-7DF3-4E96-A5B2-6673B6170E9C},,8446-30-1,INACT,06D9DCCC-7DF3-4E96-A5B2-6673B6170E9C
POINT (-122.38624988998 37.7870430888214),134,,,,,0,VALVE,1,,1,,2012-04-03T15:55:30.000,JAH,{4DDD5345-95AE-42D4-841F-4B575AE81A71},,8446-30-1,INACT,4DDD5345-95AE-42D4-841F-4B575AE81A71
POINT (-122.386674598319 37.7870272887164),135,,,,,0,VALVE,1,,1,,2012-04-03T15:55:30.000,JAH,{F439945A-13B5-4798-9DC9-B9D9BB73400B},,8446-30-1,INACT,F439945A-13B5-4798-9DC9-B9D9BB73400B
POINT (-122.386922625538 37.7869440781306),136,,,,,0,VALVE,1,,1,,2012-04-03T15:55:30.000,JAH,{809DFA56-E565-4486-A484-DD6A93EA15AB},,8446-30-1,INACT,809DFA56-E565-4486-A484-DD6A93EA15AB
POINT (-122.386998989953 37.7869992203104),137,,,,,0,VALVE,1,,1,,2012-04-03T15:55:30.000,JAH,{2C7CD606-B7CA-4906-8DF8-03604ED75C12},,8446-30-1,INACT,2C7CD606-B7CA-4906-8DF8-03604ED75C12
POINT (-122.373757822287 37.7423460248741),138,,,,,0,VALVE,1,,1,,,,{AF0512A2-8CE2-474A-BFFE-4E2D14C25972}, ZZ - Water - Valve-Equipment from SP_UTIL_LINE owner = port,,UNK,AF0512A2-8CE2-474A-BFFE-4E2D14C25972
POINT (-122.37312825537 37.7426538420887),139,,,,,0,VALVE,1,,1,,,,{5C585A31-A443-478C-8863-7C62A1C3714F}, ZZ - Water - Valve-Equipment from SP_UTIL_LINE owner = port,,UNK,5C585A31-A443-478C-8863-7C62A1C3714F
POINT (-122.372562253435 37.7430000882179),140,,,,,0,VALVE,1,,1,,,,{A1ECBE8A-A4D1-414B-871E-577A5869B172}, ZZ - Water - Valve-Equipment from SP_UTIL_LINE owner = port,,UNK,A1ECBE8A-A4D1-414B-871E-577A5869B172
POINT (-122.372378905808 37.7431548705432),141,,,,,0,VALVE,1,,1,,,,{28A2C651-3DDF-4511-9881-7A3A8E3A3CAD}, ZZ - Water - Valve-Equipment from SP_UTIL_LINE owner = port,,UNK,28A2C651-3DDF-4511-9881-7A3A8E3A3CAD
POINT (-122.396531631247 37.7985612263415),142,,,,,0,BFP,1,,1,,2011-03-08T00:00:00.000,JS,{B1D04283-7B1D-41FA-AF6A-8E375149F778}, LOCATION APPROX. PER PORT PLUMBER DAVE RAUENBUHLER,,ACT,B1D04283-7B1D-41FA-AF6A-8E375149F778
POINT (-122.396545512604 37.7985829799736),143,,,,,0,BFP,1,,1,,2011-03-08T00:00:00.000,JS,{F859E25F-B1FB-4C3F-8737-71A1E1EF5006},BFP = Back Flow Preventer LOCATION APPROX. PER PORT PLUMBER DAVE RAUENBUHLER,Dave Ravenbeuler,ACT,F859E25F-B1FB-4C3F-8737-71A1E1EF5006
POINT (-122.406145756049 37.8071003807594),144,,,,,0,VALVE,1,,1,,2012-04-03T15:58:17.000,JAH,{E633FD58-5787-4CF1-85F0-E841B59A8464},,SK920402-15-1,ACT,E633FD58-5787-4CF1-85F0-E841B59A8464
POINT (-122.387721333364 37.7894855446478),145,,,,,144,VALVE,1,,1,,2012-09-20T14:06:06.000,JAH,{32E7205D-C0D0-4C24-B71A-A6241163C7B9},Under Pier Inspection (9/20/2012),,ACT,32E7205D-C0D0-4C24-B71A-A6241163C7B9
POINT (-122.388208868529 37.7894819108506),146,,2008-07-01T00:00:00.000,,,2,VALVE,1,,8,,2012-09-20T14:47:46.000,JAH,{2BAC682C-B984-4C8B-8E00-902E5AD8E9B2},Google Street. Might be one single line for Domestic & Fire. Then they spoit after the meter. Under pier inspection confirmed 2 separate lines for DW & FW.,,ACT,2BAC682C-B984-4C8B-8E00-902E5AD8E9B2
POINT (-122.384331300473 37.7458857862769),147,,,,,0,VALVE,1,,8,,2013-12-23T14:37:31.000,JAH,{3C374D9F-9F0E-4EC2-A28C-BE5E43C2CE16},,,ACT,3C374D9F-9F0E-4EC2-A28C-BE5E43C2CE16
POINT (-122.387680768242 37.7887130975206),148,,2013-07-01T00:00:00.000,,,3,BFP,1,,1,,2014-01-14T11:40:01.000,JAH,{1DE1C473-9C8F-4938-B0EB-677DACD3A59E},,Port Maintenance,ACT,1DE1C473-9C8F-4938-B0EB-677DACD3A59E
POINT (-122.399912873771 37.8022031833699),149,,2013-07-01T00:00:00.000,,,4,BFP,1,,1,,2014-03-04T17:36:58.000,JAH,{D93AE56A-5E26-4250-A589-949963F5069E},AMES Colt 400,,ACT,D93AE56A-5E26-4250-A589-949963F5069E
POINT (-122.382140603502 37.7492567160281),150,,1992-07-01T00:00:00.000,,,0,VALVE,1,,1,,2014-01-27T17:55:52.000,JAH,{227CE3EB-1CFE-49AF-BF8D-04DAFCED8B2B},,9859-80-1,ACT,227CE3EB-1CFE-49AF-BF8D-04DAFCED8B2B
POINT (-122.381724243038 37.7506800237085),151,,1963-07-01T00:00:00.000,,,4,VALVE,1,,1,,2014-03-12T11:25:33.000,JAH,{7B46CFF1-FF25-426F-85AF-687F5EC32AFB},Cap,7370-86-1,ACT,7B46CFF1-FF25-426F-85AF-687F5EC32AFB
POINT (-122.380871104768 37.7507894222482),152,,1963-07-01T00:00:00.000,,,6,VALVE,1,,1,,2014-01-27T17:55:52.000,JAH,{F3B361BD-001E-42B1-BE62-970E38EEF9F7},,7370-86-1,ACT,F3B361BD-001E-42B1-BE62-970E38EEF9F7
POINT (-122.380833749574 37.750867628245),153,,1963-07-01T00:00:00.000,,,0,VALVE,1,,1,,2014-01-27T17:55:52.000,JAH,{3C58F9F2-A4A8-4122-8FDF-362BE7AE9D82},,7370-86-1,ACT,3C58F9F2-A4A8-4122-8FDF-362BE7AE9D82
POINT (-122.380349144153 37.7509206240288),154,,1963-07-01T00:00:00.000,,,4,VALVE,1,,1,,2014-03-12T11:25:33.000,JAH,{79673FEA-CD99-4608-A1F3-D0236830AA4B},Cap,7370-86-1,ACT,79673FEA-CD99-4608-A1F3-D0236830AA4B
POINT (-122.378978246015 37.7495820064804),155,,1963-07-01T00:00:00.000,,,6,VALVE,1,,1,,2014-01-27T17:55:52.000,JAH,{BECE5A7C-B343-422F-9791-BDD446BC2405},,7370-86-1,ACT,BECE5A7C-B343-422F-9791-BDD446BC2405
POINT (-122.371466025902 37.7437371680988),156,,,,,0,VALVE,1,,1,,2010-11-15T00:00:00.000,JAH,{12431641-CCB2-4D4A-8D05-F475ADF03B1D}, ,8718-94-1,ACT,12431641-CCB2-4D4A-8D05-F475ADF03B1D
POINT (-122.380665573807 37.7494772873889),157,,1963-07-01T00:00:00.000,,,6,VALVE,1,,1,,2014-01-27T17:55:52.000,JAH,{8321B214-5B5A-4559-A271-3C3647911DCB},,7370-86-1,ACT,8321B214-5B5A-4559-A271-3C3647911DCB
POINT (-122.379851171711 37.7494027194949),158,,1963-07-01T00:00:00.000,,,4,VALVE,1,,1,,2014-03-12T11:25:33.000,JAH,{1834A6B9-E9AA-4AE8-880E-43E81A0A6EE9},Cap,7370-86-1,ACT,1834A6B9-E9AA-4AE8-880E-43E81A0A6EE9
POINT (-122.382388761692 37.7493698227673),159,,1963-07-01T00:00:00.000,,,6,VALVE,1,,1,,2014-01-27T17:55:52.000,JAH,{7A28BF91-A9C7-4890-A14D-176FA22D5291},,7370-86-1,ACT,7A28BF91-A9C7-4890-A14D-176FA22D5291
POINT (-122.384108644688 37.7492731002472),160,,1963-07-01T00:00:00.000,,,6,VALVE,1,,1,,2014-01-27T17:55:52.000,JAH,{918EADFD-F0ED-4460-A4ED-C309506AC962},,7370-86-1,ACT,918EADFD-F0ED-4460-A4ED-C309506AC962
POINT (-122.38454030812 37.7492460621814),161,,2009-07-01T00:00:00.000,,,144,VALVE,1,,1,,2014-03-12T17:03:00.000,JAH,{D0247266-F7F7-4728-BBCD-B8A82C5410C0},"""Invert 60"""" below top of rail; """,,ACT,D0247266-F7F7-4728-BBCD-B8A82C5410C0
POINT (-122.383515828941 37.7594901760401),162,,2014-07-01T00:00:00.000,,,2.5,VALVE,1,,1,,2014-04-25T17:29:39.000,JAH,{D6629D7E-F47A-4B43-AB79-69985A27FF2D},Valve or Tee.,,ACT,D6629D7E-F47A-4B43-AB79-69985A27FF2D
POINT (-122.383349086128 37.7584123225313),163,,2014-07-01T00:00:00.000,,,2.5,VALVE,1,,1,,2014-04-25T17:29:39.000,JAH,{0FC3C1CB-5C9D-41C2-B54F-4F9F35CBEE8F},Valve or Tee.,,ACT,0FC3C1CB-5C9D-41C2-B54F-4F9F35CBEE8F
POINT (-122.387142436289 37.7742101305232),164,,,,,4,BFP,1,,1,,2014-05-29T14:06:54.000,JAH,{DD411AA9-47E0-490A-8A72-9316EE0FF7B5},,Fideld Visit,ACT,DD411AA9-47E0-490A-8A72-9316EE0FF7B5
POINT (-122.387220286506 37.7742074531232),165,,,,,1.5,BFP,1,,12,,2014-05-29T14:14:14.000,JAH,{1F6067A5-1E5F-4DE3-8BF0-1EAAE229A7D8},,Field Visit,ACT,1F6067A5-1E5F-4DE3-8BF0-1EAAE229A7D8
POINT (-122.386949613013 37.7745088486099),166,,,,,1,BFP,1,,1,,2014-05-29T14:06:54.000,JAH,{41D83E18-A2F7-4DD8-BA97-425509D307D4},On Appron,Fideld Visit,ACT,41D83E18-A2F7-4DD8-BA97-425509D307D4
POINT (-122.378568992643 37.7494715788146),167,,1992-07-01T00:00:00.000,,,0,VALVE,1,,1,,2014-01-27T17:55:52.000,JAH,{AD4B3DBC-B4B0-40E0-BD33-6DC23A136F29},,9859-80-1,ACT,AD4B3DBC-B4B0-40E0-BD33-6DC23A136F29
POINT (-122.378627682663 37.7490883512261),168,,1992-07-01T00:00:00.000,,,0,VALVE,1,,1,,2014-01-27T17:55:52.000,JAH,{3FA7EDDB-DF13-4017-A8A9-3213F665EC74},,9859-80-1,ACT,3FA7EDDB-DF13-4017-A8A9-3213F665EC74
POINT (-122.378465790184 37.7485430698893),169,,,,,2,BFP,1,,1,,2014-03-12T09:06:00.000,JAH,{6C94D8FF-E38C-4622-89EE-A681DB2341A4},BFP for Ship Water Service,Field Survey,ACT,6C94D8FF-E38C-4622-89EE-A681DB2341A4
POINT (-122.379892699501 37.7490467094202),170,,1992-07-01T00:00:00.000,,,0,VALVE,1,,1,,2014-01-27T17:55:52.000,JAH,{7331EAE1-72EE-4E78-970C-09D13FCF21EF},,9859-80-1,ACT,7331EAE1-72EE-4E78-970C-09D13FCF21EF
POINT (-122.380343609462 37.7493732349484),171,,1992-07-01T00:00:00.000,,,0,VALVE,1,,1,,2014-01-27T17:55:52.000,JAH,{487648B1-6172-4111-B079-3C768AA3F600},,9859-80-1,ACT,487648B1-6172-4111-B079-3C768AA3F600
POINT (-122.380449108823 37.7493664993462),172,,1992-07-01T00:00:00.000,,,0,VALVE,1,,1,,2014-01-27T17:55:52.000,JAH,{046CE8CB-61D7-4AB6-B1E7-7DDE338D39E9},,9859-80-1,ACT,046CE8CB-61D7-4AB6-B1E7-7DDE338D39E9
POINT (-122.381930125496 37.7507102522479),173,,1963-07-01T00:00:00.000,,,4,VALVE,1,,1,,2014-03-12T11:25:33.000,JAH,{CBDA125F-F4CB-4982-ABF7-61760603F900},Cap,7389-86-1,ACT,CBDA125F-F4CB-4982-ABF7-61760603F900
POINT (-122.415991007811 37.8090540769656),174,,,,,8,BFP,1,,12,,2014-03-27T11:59:36.000,JAH,{DF577F5D-7C6F-4184-9AE8-5664B02879D8},,,ACT,DF577F5D-7C6F-4184-9AE8-5664B02879D8
POINT (-122.375347110232 37.741008626717),175,,,,,0,VALVE,1,,1,,2010-11-15T00:00:00.000,JAH,{6969625E-D6DC-4DD9-AC89-9AB2DBEDCBA2}, ,8089-96-1,ACT,6969625E-D6DC-4DD9-AC89-9AB2DBEDCBA2
POINT (-122.376039137209 37.7409920872327),176,,,,,0,VALVE,1,,1,,2010-11-15T00:00:00.000,JAH,{CED07698-0084-420B-8C18-C1BA2D35F318}, ,8089-96-1,ACT,CED07698-0084-420B-8C18-C1BA2D35F318
POINT (-122.376611962794 37.7406524093321),177,,,,,0,VALVE,1,,1,,2010-11-15T00:00:00.000,JAH,{B524A4FD-D699-4F90-B61A-66CAEA8166A4}, ,8089-96-1,ACT,B524A4FD-D699-4F90-B61A-66CAEA8166A4
POINT (-122.373738245148 37.741599048132),178,,,,,0,VALVE,1,,1,,2010-11-15T00:00:00.000,JAH,{E1640B1B-2057-4D58-AF14-1A1087C05DDE}, ,8089-96-1,ACT,E1640B1B-2057-4D58-AF14-1A1087C05DDE
POINT (-122.387185792137 37.7735923411294),179,,,,,6,BFP,1,,1,,2014-05-29T14:06:54.000,JAH,{CAB5C929-1410-40E7-8708-6AC5D7376B37},,Fideld Visit,ACT,CAB5C929-1410-40E7-8708-6AC5D7376B37
POINT (-122.387173740288 37.7736014127975),180,,,,,8,BFP,1,,1,,2014-05-29T14:06:54.000,JAH,{FA92EF44-A214-40D2-9131-3528FEB66824},,Fideld Visit,ACT,FA92EF44-A214-40D2-9131-3528FEB66824
POINT (-122.388030167137 37.767023963153),181,,,,,0,VALVE,1,,8,,2014-07-08T16:37:30.000,JAH,{87461E44-A0E3-4FF6-BBAB-294EAE588E53},,6525-418-2,ACT,87461E44-A0E3-4FF6-BBAB-294EAE588E53
POINT (-122.384842888903 37.7606450628957),182,,,,,8,VALVE,1,,8,,2016-09-23T11:27:42.000,JAH,{1EBF7083-AB18-4057-8551-C682DFB289D8},Double check w/ meter compound and bypass double valve.,8927-349-4,ACT,1EBF7083-AB18-4057-8551-C682DFB289D8
POINT (-122.38480954602 37.7606470867084),183,,,,,8,VALVE,1,,8,,2016-09-23T11:27:42.000,JAH,{A03C4ED2-147C-419E-95BE-CEE2F2CCA2E8},Double check w/ meter compound and bypass double valve.,8927-349-4,ACT,A03C4ED2-147C-419E-95BE-CEE2F2CCA2E8
POINT (-122.384809288889 37.7606369521764),184,,,,,8,VALVE,1,,8,,2016-09-23T11:27:42.000,JAH,{130CC853-7678-467B-935E-AB94ECE3B9DD},Double check w/ meter compound and bypass double valve.,8927-349-4,ACT,130CC853-7678-467B-935E-AB94ECE3B9DD
POINT (-122.384842827616 37.7606350414882),185,,,,,8,VALVE,1,,8,,2016-09-23T11:27:42.000,JAH,{A5C0D50D-5247-41AD-8037-066A95D6B7D8},Double check w/ meter compound and bypass double valve.,8927-349-4,ACT,A5C0D50D-5247-41AD-8037-066A95D6B7D8
POINT (-122.406084608372 37.8069822147274),186,,1992-07-01T00:00:00.000,,,0,VALVE,1,,8,,2014-10-24T15:58:57.000,JAH,{7C0EBC6A-8CC7-40F2-BD3F-B9C08B35A269},,16248-4014-W,ACT,7C0EBC6A-8CC7-40F2-BD3F-B9C08B35A269
POINT (-122.405878059499 37.8068697446407),187,,1992-07-01T00:00:00.000,,,0,VALVE,1,,8,,2014-10-24T15:58:57.000,JAH,{961C9D4E-AEF0-483D-B125-9EB730E8490F},,16248-4014-W,ACT,961C9D4E-AEF0-483D-B125-9EB730E8490F
POINT (-122.405872125852 37.80684975167),188,,1992-07-01T00:00:00.000,,,0,VALVE,1,,8,,2014-10-24T15:58:57.000,JAH,{461E37FF-B905-4F4C-AAF9-EB3A88A8FDBB},,16248-4014-W,ACT,461E37FF-B905-4F4C-AAF9-EB3A88A8FDBB
POINT (-122.405848754988 37.8068549634291),189,,1992-07-01T00:00:00.000,,,0,VALVE,1,,8,,2014-10-24T15:58:57.000,JAH,{1C8DF318-C0F4-4426-9710-F108FE790719},,16248-4014-W,ACT,1C8DF318-C0F4-4426-9710-F108FE790719
POINT (-122.405963061704 37.8067362644792),190,,1992-07-01T00:00:00.000,,,0,VALVE,1,,8,,2014-10-24T15:58:57.000,JAH,{32122B01-141F-4C9F-BA7F-6365AD44A3A5},,16248-4014-W,ACT,32122B01-141F-4C9F-BA7F-6365AD44A3A5
POINT (-122.406006860036 37.8066531834054),191,,1992-07-01T00:00:00.000,,,0,VALVE,1,,8,,2014-10-24T15:58:57.000,JAH,{E65F541F-5980-4C8F-93D4-087CB14523F9},,16248-4014-W,ACT,E65F541F-5980-4C8F-93D4-087CB14523F9
POINT (-122.405097609367 37.806480678915),192,,1992-07-01T00:00:00.000,,,0,VALVE,1,,8,,2014-10-24T15:58:57.000,JAH,{E775F263-6E9F-482A-93C0-B3FB99E9DE78},,16248-4014-W,ACT,E775F263-6E9F-482A-93C0-B3FB99E9DE78
POINT (-122.404842478491 37.806347382618),193,,1992-07-01T00:00:00.000,,,0,VALVE,1,,8,,2014-10-24T15:58:57.000,JAH,{155E3761-DA41-4BB5-95F1-A97DC1A19343},,16248-4014-W,ACT,155E3761-DA41-4BB5-95F1-A97DC1A19343
POINT (-122.40476116135 37.806284233379),194,,1992-07-01T00:00:00.000,,,0,VALVE,1,,8,,2014-10-24T15:58:57.000,JAH,{47BD2490-523B-4098-8820-275ED6D25E2E},,16248-4014-W,ACT,47BD2490-523B-4098-8820-275ED6D25E2E
POINT (-122.40417340948 37.805929399011),195,,1992-07-01T00:00:00.000,,,0,VALVE,1,,8,,2014-10-24T15:58:57.000,JAH,{8C574708-0708-4298-99F2-5BDA0A329D8B},,16248-4014-W,ACT,8C574708-0708-4298-99F2-5BDA0A329D8B
POINT (-122.404139615612 37.8059280800345),196,,1992-07-01T00:00:00.000,,,0,VALVE,1,,8,,2014-10-24T15:58:57.000,JAH,{C5746089-D0F8-4ED1-B81A-BD140888E24B},,16248-4014-W,ACT,C5746089-D0F8-4ED1-B81A-BD140888E24B
POINT (-122.383378045296 37.7745312837074),197,,,,,2,BFP,1,,1,,2014-09-26T17:52:18.000,JAH,{81FD97CF-BC0F-43B1-BAB6-1A8F9E426AF0},,Field Visit,ACT,81FD97CF-BC0F-43B1-BAB6-1A8F9E426AF0
POINT (-122.383358779839 37.7745406702895),198,,,,,3,VALVE,1,,1,,2014-09-26T17:52:18.000,JAH,{8229748F-9162-4241-B1C2-3C8C507F8D65},,Field Visit,ACT,8229748F-9162-4241-B1C2-3C8C507F8D65
POINT (-122.384177094416 37.7744846215193),199,,,,,0,BFP,1,,1,,2014-09-26T17:52:18.000,JAH,{0316AC1F-9622-4FCC-81B3-DC8A04C76062},,Field Visit,ACT,0316AC1F-9622-4FCC-81B3-DC8A04C76062
POINT (-122.384866722931 37.7744443438051),200,,,,,0,BFP,1,,1,,2014-09-26T17:52:18.000,JAH,{10D818F6-9872-4D5A-A4F9-CDC1F8BF6629},,Field Visit,ACT,10D818F6-9872-4D5A-A4F9-CDC1F8BF6629
POINT (-122.385729371439 37.7743939559352),201,,,,,0,BFP,1,,1,,2014-09-26T17:52:18.000,JAH,{3C6393B0-7917-4108-9C6C-91EEE97C3267},,Field Visit,ACT,3C6393B0-7917-4108-9C6C-91EEE97C3267
POINT (-122.385729371439 37.7743939559352),202,,,,,0,BFP,1,,1,,2014-09-26T17:52:18.000,JAH,{4A34852D-708F-4430-BB85-F0FF81BC7FB0},,Field Visit,ACT,4A34852D-708F-4430-BB85-F0FF81BC7FB0
POINT (-122.387719465223 37.7635555613699),203,,,,,0,VALVE,1,,8,,2014-07-10T17:14:11.000,,{F138DDD7-E218-40BF-8E2E-41D3271BFAF4},,6525-418-2,ACT,F138DDD7-E218-40BF-8E2E-41D3271BFAF4
POINT (-122.416363742194 37.8082410523577),204,,,,,0,BFP,1,,8,,2014-09-10T14:40:10.000,JAH,{394AFAC9-80E7-41B9-89FC-9308AA283B5E},,Under Pier Inspection,ACT,394AFAC9-80E7-41B9-89FC-9308AA283B5E
POINT (-122.416363742194 37.8082410523577),205,,,,,0,BFP,1,,8,,2014-09-10T14:40:10.000,JAH,{7518E646-CD38-4A50-A65D-64097682A4F3},,Under Pier Inspection,ACT,7518E646-CD38-4A50-A65D-64097682A4F3
POINT (-122.406380464926 37.8072505127611),206,,,,,0,BFP,1,,1,,2014-09-17T16:22:47.000,JAH,{6C40E228-55ED-4E5A-A86E-091DCB23865E},,Field Survey,ACT,6C40E228-55ED-4E5A-A86E-091DCB23865E
POINT (-122.383734716295 37.7745104562636),207,,,,,0,BFP,1,,1,,2014-09-26T17:52:18.000,JAH,{82D4B924-838C-4F24-9280-75992EBF966C},,Field Visit,ACT,82D4B924-838C-4F24-9280-75992EBF966C
POINT (-122.401832858473 37.8042931406518),208,,2012-07-01T00:00:00.000,,,0,BFP,1,,8,,2014-10-21T16:45:33.000,JAH,{AD609DE3-F6C9-40ED-879E-594CD4262DA9},RECLAIM WATER SERVICE,Cruise Terminal AB,ACT,AD609DE3-F6C9-40ED-879E-594CD4262DA9
POINT (-122.401824008576 37.8042846921422),209,,2012-07-01T00:00:00.000,,,0,BFP,1,,8,,2014-10-21T16:45:33.000,JAH,{CD37993A-AEA9-466D-B493-7BB9810106A6},These 2 meters loop inside the terminal at the back end; These provide SHIP Water Service; Deducts are to be installed for Sewer Excempt Accounts;,Cruise Terminal AB,ACT,CD37993A-AEA9-466D-B493-7BB9810106A6
POINT (-122.401819583072 37.8042804683467),210,,2012-07-01T00:00:00.000,,,0,BFP,1,,8,,2014-10-21T16:45:33.000,JAH,{9200CF24-86A3-4268-ABD0-46952EABFDB0},These 2 meters loop inside the terminal at the back end; These provide SHIP Water Service; Deducts are to be installed for Sewer Excempt Accounts;,Cruise Terminal AB,ACT,9200CF24-86A3-4268-ABD0-46952EABFDB0
POINT (-122.401815157569 37.804276244551),211,,2012-07-01T00:00:00.000,,,0,BFP,1,,8,,2014-10-21T16:45:33.000,JAH,{00FB5971-5DB6-44A9-AD05-01EE9E73EE57},IRRIGATION SERVICE,Cruise Terminal AB,ACT,00FB5971-5DB6-44A9-AD05-01EE9E73EE57
POINT (-122.385636690762 37.7702158447894),212,,,,,0,BFP,1,,1,,2013-03-29T13:31:27.000,JAH,{00DFDAF2-FA2B-4F5D-BA11-FD47A2D6AD20},,GOOGLE STREET,ACT,00DFDAF2-FA2B-4F5D-BA11-FD47A2D6AD20
POINT (-122.376698533712 37.7502609528048),213,,1992-07-01T00:00:00.000,,,0,VALVE,1,,1,,2014-01-27T17:55:52.000,JAH,{1E206C63-8A95-44C9-9231-018826BF620D},,9859-80-1,ACT,1E206C63-8A95-44C9-9231-018826BF620D
POINT (-122.390173213456 37.7775923136673),214,,,,,0,VALVE,1,,8,,2013-07-30T14:29:00.000,JAH,{127251E2-7C3B-486B-A9F5-4AB67068FABA},From China Basin Park Drains,,ACT,127251E2-7C3B-486B-A9F5-4AB67068FABA
POINT (-122.377078955326 37.7515105763471),215,,1992-07-01T00:00:00.000,,,0,VALVE,1,,1,,2014-01-27T17:55:52.000,JAH,{1E416441-F56A-444C-84AE-03BDFE9750D3},,9859-80-1,ACT,1E416441-F56A-444C-84AE-03BDFE9750D3
POINT (-122.379789510041 37.7513397203798),216,,1992-07-01T00:00:00.000,,,0,VALVE,1,,1,,2014-01-27T17:55:52.000,JAH,{C1892E3E-829E-482D-B2CE-77A007B3F778},,9859-80-1,ACT,C1892E3E-829E-482D-B2CE-77A007B3F778
POINT (-122.38810245407 37.767050772606),217,,,,,0,VALVE,1,,8,,2014-07-08T16:37:30.000,JAH,{E8F3C170-59B0-4E26-8AB9-F8E8B1303482},,6525-418-2,ACT,E8F3C170-59B0-4E26-8AB9-F8E8B1303482
POINT (-122.388104720871 37.7668733137017),218,,,,,0,VALVE,1,,8,,2014-07-08T16:37:30.000,JAH,{79CE953F-BF20-47F7-AD8D-23590BDFC4A5},,6525-418-2,ACT,79CE953F-BF20-47F7-AD8D-23590BDFC4A5
POINT (-122.388101425053 37.7668389167469),219,,,,,0,VALVE,1,,8,,2014-07-08T16:37:30.000,JAH,{DFD0EC43-3548-4E8E-8287-214C2C339D55},,6525-418-2,ACT,DFD0EC43-3548-4E8E-8287-214C2C339D55
POINT (-122.388070080368 37.766511835297),220,,,,,0,VALVE,1,,8,,2014-07-08T16:37:30.000,JAH,{2CDFE472-A15D-4127-9AF6-2CD0D09F91BC},,6525-418-2,ACT,2CDFE472-A15D-4127-9AF6-2CD0D09F91BC
POINT (-122.387978647381 37.7658473515199),221,,,,,0,VALVE,1,,8,,2014-07-08T16:37:30.000,JAH,{058A2C7D-B985-478D-AB72-85A86CAD3D68},,6525-418-2,ACT,058A2C7D-B985-478D-AB72-85A86CAD3D68
POINT (-122.387825337364 37.7639578253894),222,,,,,0,VALVE,1,,8,,2014-07-08T16:37:30.000,JAH,{F2F4AF69-4712-4AED-B6D3-730B58921356},,6525-418-2,ACT,F2F4AF69-4712-4AED-B6D3-730B58921356
POINT (-122.387956249078 37.7824004172558),223,,,,,4,BFP,1,,1,,2014-11-25T18:10:57.000,JAH,{0887FD35-E617-40AB-BB1F-C73BE7ACF005},,Field Visit,ACT,0887FD35-E617-40AB-BB1F-C73BE7ACF005
POINT (-122.38795081828 37.7824264689811),224,,,,,4,VALVE,1,,1,,2014-11-25T18:10:57.000,JAH,{94DB0BC9-93AD-4EC1-BB99-67F4E58B5657},"Inside wall, behind hand box;",Field Visit,ACT,94DB0BC9-93AD-4EC1-BB99-67F4E58B5657
POINT (-122.387902631501 37.7818966766635),225,,,,,2,BFP,1,,1,,2014-11-25T18:10:57.000,JAH,{A323331C-D1DD-4E02-BC09-835EAD2C73AB},,Field Visit,ACT,A323331C-D1DD-4E02-BC09-835EAD2C73AB
POINT (-122.404105408109 37.8060049656495),226,,,,,0,VALVE,1,,1,,2015-05-14T16:29:31.000,JAH,{9E86E5EA-A81F-4463-A860-FB778FD333DA},,Field Visit,ACT,9E86E5EA-A81F-4463-A860-FB778FD333DA
POINT (-122.404100736906 37.8060090190045),227,,,,,0,VALVE,1,,1,,2015-05-14T16:29:31.000,JAH,{6BA28A9C-63ED-45FD-9D5D-E624D51B1BC7},,Field Visit,ACT,6BA28A9C-63ED-45FD-9D5D-E624D51B1BC7
POINT (-122.404096064566 37.8060130723777),228,,,,,0,VALVE,1,,1,,2015-05-14T16:29:31.000,JAH,{DEEDBEDC-1DAE-4058-A62A-48F8EEF74828},,Field Visit,ACT,DEEDBEDC-1DAE-4058-A62A-48F8EEF74828
POINT (-122.404091393362 37.8060171257323),229,,,,,0,VALVE,1,,1,,2015-05-14T16:29:31.000,JAH,{2B16C8B0-E325-4AAE-ACD1-FC54FEBBED75},,Field Visit,ACT,2B16C8B0-E325-4AAE-ACD1-FC54FEBBED75
POINT (-122.404087511147 37.8059732869062),230,,,,,0,BFP,1,,1,,2015-05-14T16:29:31.000,JAH,{A0B39998-CD27-45A5-9736-491DF5318D4D},,Field Visit,ACT,A0B39998-CD27-45A5-9736-491DF5318D4D
POINT (-122.387328702465 37.7755687811078),231,,2000-07-01T00:00:00.000,,,8,BFP,1,,1,,2013-05-09T14:27:07.000,JAH,{E5A93DD8-AFE8-45B3-B219-B6F933C14BAC},In outside corner of BLD,13022-48-M,ACT,E5A93DD8-AFE8-45B3-B219-B6F933C14BAC
POINT (-122.387418556711 37.7757941169513),232,,,,,0,VALVE,1,,8,,2013-07-30T14:29:00.000,JAH,{C9F48C95-5857-464F-A8EE-528A6FBD298E},From China Basin Park Drains,,ACT,C9F48C95-5857-464F-A8EE-528A6FBD298E
POINT (-122.387446712966 37.7759799635726),233,,,,,0,VALVE,1,,8,,2013-07-30T14:29:00.000,JAH,{6B55055D-B89C-41E6-AC3F-50C73CB8F34A},From China Basin Park Drains,,ACT,6B55055D-B89C-41E6-AC3F-50C73CB8F34A
POINT (-122.387447519258 37.7759894863758),234,,,,,0,VALVE,1,,8,,2013-07-30T14:29:00.000,JAH,{270388D6-213D-45FC-845B-1426C6C8AC47},From China Basin Park Drains,,ACT,270388D6-213D-45FC-845B-1426C6C8AC47
POINT (-122.388340077756 37.7762882526554),235,,,,,0,VALVE,1,,8,,2013-07-30T14:29:00.000,JAH,{59E7E32F-F50F-4020-BE9A-278588069F8B},From China Basin Park Drains,,ACT,59E7E32F-F50F-4020-BE9A-278588069F8B
POINT (-122.389716562928 37.7762056292342),236,,,,,0,VALVE,1,,8,,2013-07-30T14:29:00.000,JAH,{B95D0519-6750-42AA-B1A4-08C1DC65942A},From China Basin Park Drains,,ACT,B95D0519-6750-42AA-B1A4-08C1DC65942A
POINT (-122.38979243797 37.7763427371711),237,,,,,0,VALVE,1,,8,,2013-07-30T14:29:00.000,JAH,{51B974A9-8ED1-43B3-9BC9-46C932C6279A},From China Basin Park Drains,,ACT,51B974A9-8ED1-43B3-9BC9-46C932C6279A
POINT (-122.389685864786 37.7762540819745),238,,,,,0,VALVE,1,,8,,2013-07-30T14:29:00.000,JAH,{9B4D4A5A-ECC3-4003-AAD9-B83CD7083ADC},From China Basin Park Drains,,ACT,9B4D4A5A-ECC3-4003-AAD9-B83CD7083ADC
POINT (-122.389674131783 37.7762547612077),239,,,,,0,VALVE,1,,8,,2013-07-30T14:29:00.000,JAH,{E246EF95-BB28-40E4-8767-2D8C252FB547},From China Basin Park Drains,,ACT,E246EF95-BB28-40E4-8767-2D8C252FB547
POINT (-122.389717730105 37.7762458802496),240,,,,,0,VALVE,1,,8,,2013-07-30T14:29:00.000,JAH,{56B90213-DBDC-4381-A454-22EBBD9F44E0},From China Basin Park Drains,,ACT,56B90213-DBDC-4381-A454-22EBBD9F44E0
POINT (-122.387377054708 37.7751916973478),241,,,,,0,VALVE,1,,8,,2013-07-30T14:29:00.000,JAH,{3ACA2BDC-6E24-4886-BE7A-DF29A9B6DD53},From China Basin Park Drains,,ACT,3ACA2BDC-6E24-4886-BE7A-DF29A9B6DD53
POINT (-122.38738409548 37.7751290207542),242,,,,,0,VALVE,1,,8,,2013-07-30T14:29:00.000,JAH,{22EE4804-93A6-4B2B-918F-8010341EAB8C},From China Basin Park Drains,,ACT,22EE4804-93A6-4B2B-918F-8010341EAB8C
POINT (-122.387787411485 37.7815649207218),243,,,,,6,BFP,1,,1,,2013-10-31T16:21:51.000,JAH,{E18F1254-3987-4893-85AC-FE2161A5698D},,UnderPierInspection(2013-06-25),ACT,E18F1254-3987-4893-85AC-FE2161A5698D
POINT (-122.387787031143 37.781560812788),244,,,,,2,BFP,1,,1,,2013-10-31T16:21:51.000,JAH,{365DA8E4-4599-4884-94C9-80C60CAF5B8D},,UnderPierInspection(2013-06-25),ACT,365DA8E4-4599-4884-94C9-80C60CAF5B8D
POINT (-122.387636325898 37.7815059349889),245,,,,,3,VALVE,1,,1,,2013-10-31T16:21:54.000,JAH,{6A478ECF-E627-4195-BA71-362B6B6A7F25},,UnderPierInspection(2013-06-25),ACT,6A478ECF-E627-4195-BA71-362B6B6A7F25
POINT (-122.415784318381 37.8087484552398),246,,,,,0,VALVE,1,,0,,2011-02-03T00:00:00.000,JS,{25149D35-2B78-4245-88B4-7D2B670C06BF},WATERVALVE; WATER_NODES_LINE; ,1498J_TaylorSt_Improvements_UT-REF,ACT,25149D35-2B78-4245-88B4-7D2B670C06BF
POINT (-122.4159754715 37.8086468936436),247,,,,,0,VALVE,1,,0,,2011-02-03T00:00:00.000,JS,{2531558A-0033-4BC8-B913-CB6E62AB3376},WATERVALVE; WATER_NODES_LINE; ,1498J_TaylorSt_Improvements_UT-REF,ACT,2531558A-0033-4BC8-B913-CB6E62AB3376
POINT (-122.415935610686 37.8088942224822),248,,,,,0,VALVE,1,,0,,2011-02-03T00:00:00.000,JS,{FB968A7A-CC69-48A6-8113-4CAE538B557F},WATERVALVE; WATER_NODES_LINE; ,1498J_TaylorSt_Improvements_UT-REF,ACT,FB968A7A-CC69-48A6-8113-4CAE538B557F
POINT (-122.420666196639 37.8087236633529),249,,2002-07-01T00:00:00.000,,,2.5,RPBP,1,,1,,2011-02-07T00:00:00.000,GB,{D29BDBFD-D172-410C-8118-CA8D5DFEC8A4},; RPBP,,ACT,D29BDBFD-D172-410C-8118-CA8D5DFEC8A4
POINT (-122.391529445594 37.7918534702635),250,,,,,0,VALVE,1,,0,,2011-02-03T00:00:00.000,JS,{9F74F120-07C8-41A0-96DE-80A42BEBA416},E-UTIL14$0$U-W-SFWD-WV; ; ,Mid Embarcadero Renovation,UNK,9F74F120-07C8-41A0-96DE-80A42BEBA416
POINT (-122.396536817245 37.7983353549393),251,,,,,0,VALVE,1,,0,,2011-02-03T00:00:00.000,JS,{6422944C-D035-4919-9AE7-14652473A12F},E-UTIL14$0$U-W-SFWD-WV; ; ,Mid Embarcadero Renovation,UNK,6422944C-D035-4919-9AE7-14652473A12F
POINT (-122.396823537908 37.7953750679104),252,,,,,0,VALVE,1,,0,,2011-02-03T00:00:00.000,JS,{3692D4FA-A247-4131-B3C0-24A6082A2C13},E-UTIL14$0$U-W-SFWD-WV; ; ,Mid Embarcadero Renovation,UNK,3692D4FA-A247-4131-B3C0-24A6082A2C13
POINT (-122.396491001578 37.798291385497),253,,,,,0,VALVE,1,,0,,2011-02-03T00:00:00.000,JS,{6BC8257C-61F4-4156-B4C0-8CE3F89E7DBE},E-UTIL14$0$U-W-SFWD-WV; ; ,Mid Embarcadero Renovation,UNK,6BC8257C-61F4-4156-B4C0-8CE3F89E7DBE
POINT (-122.394314617778 37.7949091927862),254,,,,,0,VALVE,1,,0,,2011-02-03T00:00:00.000,JS,{9FA2458A-5BB4-410C-9A19-D65B5837541C},E-UTIL14$0$U-W-SFWD-WV; ; ,Mid Embarcadero Renovation,UNK,9FA2458A-5BB4-410C-9A19-D65B5837541C
POINT (-122.394114120317 37.7947889172456),255,,,,,0,VALVE,1,,0,,2011-02-03T00:00:00.000,JS,{1F67FF59-130A-4F34-92B1-493AEB323052},E-UTIL14$0$U-W-SFWD-WV; ; ,Mid Embarcadero Renovation,UNK,1F67FF59-130A-4F34-92B1-493AEB323052
POINT (-122.396853651827 37.7954491243438),256,,,,,0,VALVE,1,,0,,2011-02-03T00:00:00.000,JS,{295C69B5-C79C-4CF7-AFAC-1CBC842B06FA},E-UTIL14$0$U-W-SFWD-WV; ; ,Mid Embarcadero Renovation,UNK,295C69B5-C79C-4CF7-AFAC-1CBC842B06FA
POINT (-122.395543213182 37.796554958021),257,,,,,0,VALVE,1,,0,,2011-02-03T00:00:00.000,JS,{1B7643D7-F014-4160-9809-E82E8BC3D646},E-UTIL14$0$U-W-SFWD-WV; ; ,Mid Embarcadero Renovation,UNK,1B7643D7-F014-4160-9809-E82E8BC3D646
POINT (-122.394595729752 37.7962613764652),258,,,,,0,VALVE,1,,0,,2011-02-03T00:00:00.000,JS,{D0C2C389-AD54-4F76-9DA8-87FB72FB5AE0},E-UTIL14$0$U-W-SFWD-WV; ; ,Mid Embarcadero Renovation,UNK,D0C2C389-AD54-4F76-9DA8-87FB72FB5AE0
POINT (-122.395923127981 37.7966189194063),259,,,,,0,VALVE,1,,0,,2011-02-03T00:00:00.000,JS,{563AA881-3293-4E80-91BA-61772789DD90},E-UTIL14$0$U-W-SFWD-WV; ; ,Mid Embarcadero Renovation,UNK,563AA881-3293-4E80-91BA-61772789DD90
POINT (-122.393347419959 37.7931463949283),260,,,,,0,VALVE,1,,0,,2011-02-03T00:00:00.000,JS,{A55F6E8B-C5F0-43B6-9101-61BE005FCA68},E-UTIL14$0$U-W-SFWD-WV; ; ,Mid Embarcadero Renovation,UNK,A55F6E8B-C5F0-43B6-9101-61BE005FCA68
POINT (-122.396869013758 37.7955333881544),261,,,,,0,VALVE,1,,0,,2011-02-03T00:00:00.000,JS,{66932F05-CC4A-4807-9BC3-B98C2292C69B},E-UTIL14$0$U-W-SFWD-WV; ; ,Mid Embarcadero Renovation,UNK,66932F05-CC4A-4807-9BC3-B98C2292C69B
POINT (-122.389413189119 37.7913386977341),262,,,,,0,VALVE,1,,0,,2011-02-03T00:00:00.000,JS,{345D8A4B-2859-49EE-BB3A-8D06483C2FA8},E-UTIL14$0$U-W-SFWD-WV; ; ,Mid Embarcadero Renovation,UNK,345D8A4B-2859-49EE-BB3A-8D06483C2FA8
POINT (-122.397313686394 37.7991425330973),263,,,,,0,VALVE,1,,0,,2011-02-03T00:00:00.000,JS,{15EFDCF7-F953-4B73-BBEF-6ACD90230F42},E-UTIL14$0$U-W-SFWD-WV; ; ,Mid Embarcadero Renovation,UNK,15EFDCF7-F953-4B73-BBEF-6ACD90230F42
POINT (-122.398263747069 37.7961184909395),264,,,,,0,VALVE,1,,0,,2011-02-03T00:00:00.000,JS,{17DE7410-BE2C-47F7-BD86-ADB84703A12B},E-UTIL14$0$U-W-SFWD-WV; ; ,Mid Embarcadero Renovation,UNK,17DE7410-BE2C-47F7-BD86-ADB84703A12B
POINT (-122.390242712462 37.7908039207938),265,,,,,0,VALVE,1,,0,,2011-02-03T00:00:00.000,JS,{4A88B855-E137-4339-960C-B2CC996C8E9C},E-UTIL14$0$U-W-SFWD-WV; ; ,Mid Embarcadero Renovation,UNK,4A88B855-E137-4339-960C-B2CC996C8E9C
POINT (-122.39179343783 37.7920499073267),266,,,,,0,VALVE,1,,0,,2011-02-03T00:00:00.000,JS,{2B2BFB01-51CA-4958-A1C1-80E503246F39},E-UTIL14$0$U-W-SFWD-WV; ; ,Mid Embarcadero Renovation,UNK,2B2BFB01-51CA-4958-A1C1-80E503246F39
POINT (-122.390136107056 37.790808617244),267,,,,,0,VALVE,1,,0,,2011-02-03T00:00:00.000,JS,{640236AE-5929-447F-9011-15100E646603},E-UTIL14$0$U-W-SFWD-WV; ; ,Mid Embarcadero Renovation,UNK,640236AE-5929-447F-9011-15100E646603
POINT (-122.391329561197 37.7916699036984),268,,,,,0,VALVE,1,,0,,2011-02-03T00:00:00.000,JS,{71BF0393-BD70-4A5B-BF42-D231C31CE2DF},E-UTIL14$0$U-W-SFWD-WV; ; ,Mid Embarcadero Renovation,UNK,71BF0393-BD70-4A5B-BF42-D231C31CE2DF
POINT (-122.396672273098 37.7954860354951),269,,,,,0,VALVE,1,,0,,2011-02-03T00:00:00.000,JS,{C3CD893B-DD5D-4867-B947-B6B58E95DB3C},E-UTIL14$0$U-W-SFWD-WV; ; ,Mid Embarcadero Renovation,UNK,C3CD893B-DD5D-4867-B947-B6B58E95DB3C
POINT (-122.389451914909 37.7887075004063),270,,,,,0,VALVE,1,,0,,2011-02-03T00:00:00.000,JS,{D9EB4D18-0475-44C1-AC58-64F7751B326E},E-UTIL14$0$U-W-SFWD-WV; ; ,Mid Embarcadero Renovation,UNK,D9EB4D18-0475-44C1-AC58-64F7751B326E
POINT (-122.392255652642 37.7924295303045),271,,,,,0,VALVE,1,,0,,2011-02-03T00:00:00.000,JS,{8CEE406D-3088-4254-B678-FAD44031C676},E-UTIL14$0$U-W-SFWD-WV; ; ,Mid Embarcadero Renovation,UNK,8CEE406D-3088-4254-B678-FAD44031C676
POINT (-122.397021723033 37.7962538259363),272,,,,,0,VALVE,1,,0,,2011-02-03T00:00:00.000,JS,{BA7F1602-BE53-48DC-B690-473CE140B06D},E-UTIL14$0$U-W-SFWD-WV; ; ,Mid Embarcadero Renovation,UNK,BA7F1602-BE53-48DC-B690-473CE140B06D
POINT (-122.394297633607 37.7949055003093),273,,,,,0,VALVE,1,,0,,2011-02-03T00:00:00.000,JS,{DD11BFDE-BF5E-42F0-9E94-131CC15F2E37},E-UTIL14$0$U-W-SFWD-WV; ; ,Mid Embarcadero Renovation,UNK,DD11BFDE-BF5E-42F0-9E94-131CC15F2E37
POINT (-122.389968149288 37.790942076724),274,,,,,0,VALVE,1,,0,,2011-02-03T00:00:00.000,JS,{3E0F5242-BF5C-4185-8B64-10B95054F3D8},E-UTIL14$0$U-W-SFWD-WV; ; ,Mid Embarcadero Renovation,UNK,3E0F5242-BF5C-4185-8B64-10B95054F3D8
POINT (-122.391793337954 37.7920786611048),275,,,,,0,VALVE,1,,0,,2011-02-03T00:00:00.000,JS,{A03BF730-3297-41EA-AC87-B853A63F9394},E-UTIL14$0$U-W-SFWD-WV; ; ,Mid Embarcadero Renovation,UNK,A03BF730-3297-41EA-AC87-B853A63F9394
POINT (-122.396680545973 37.7954849858996),276,,,,,0,VALVE,1,,0,,2011-02-03T00:00:00.000,JS,{1FB049CD-E4E2-49A5-B702-31BE768C0526},E-UTIL14$0$U-W-SFWD-WV; ; ,Mid Embarcadero Renovation,UNK,1FB049CD-E4E2-49A5-B702-31BE768C0526
POINT (-122.389368654808 37.7887116247423),277,,,,,0,VALVE,1,,0,,2011-02-03T00:00:00.000,JS,{711B2648-CC95-49DE-B118-9489D5B080EB},E-UTIL14$0$U-W-SFWD-WV; ; ,Mid Embarcadero Renovation,UNK,711B2648-CC95-49DE-B118-9489D5B080EB
POINT (-122.394397521352 37.7960457581405),278,,,,,0,VALVE,1,,0,,2011-02-03T00:00:00.000,JS,{44EF509D-FBE9-49D8-810C-2C9722E88C47},E-UTIL14$0$U-W-SFWD-WV; ; ,Mid Embarcadero Renovation,UNK,44EF509D-FBE9-49D8-810C-2C9722E88C47
POINT (-122.390252370093 37.790705695504),279,,,,,0,VALVE,1,,0,,2011-02-03T00:00:00.000,JS,{B9111A9F-B8C4-46A4-9A7A-8C5ADA132C19},E-UTIL14$0$U-W-SFWD-WV; ; ,Mid Embarcadero Renovation,UNK,B9111A9F-B8C4-46A4-9A7A-8C5ADA132C19
POINT (-122.394456841543 37.796290311584),280,,,,,0,VALVE,1,,0,,2011-02-03T00:00:00.000,JS,{9C3F8FD3-99F7-4F71-8F1F-51AD341C66A7},E-UTIL14$0$U-W-SFWD-WV; ; ,Mid Embarcadero Renovation,UNK,9C3F8FD3-99F7-4F71-8F1F-51AD341C66A7
POINT (-122.396669150771 37.7954953609644),281,,,,,0,VALVE,1,,0,,2011-02-03T00:00:00.000,JS,{6AB251CC-134C-4721-87BE-4DE04773A295},E-UTIL14$0$U-W-SFWD-WV; ; ,Mid Embarcadero Renovation,UNK,6AB251CC-134C-4721-87BE-4DE04773A295
POINT (-122.394356484157 37.7960870853548),282,,,,,0,VALVE,1,,0,,2011-02-03T00:00:00.000,JS,{67239928-8B4B-47B3-A937-A469B5932C03},E-UTIL14$0$U-W-SFWD-WV; ; ,Mid Embarcadero Renovation,UNK,67239928-8B4B-47B3-A937-A469B5932C03
POINT (-122.39309661594 37.7933467195534),283,,,,,0,VALVE,1,,0,,2011-02-03T00:00:00.000,JS,{88237FCF-C0F0-45C4-B930-B3CBA5BA8608},E-UTIL14$0$U-W-SFWD-WV; ; ,Mid Embarcadero Renovation,UNK,88237FCF-C0F0-45C4-B930-B3CBA5BA8608
POINT (-122.397813975281 37.7989212594357),284,,,,,0,VALVE,1,,0,,2011-02-03T00:00:00.000,JS,{89413251-7639-44D4-8F79-26C1D5DC75CD},E-UTIL14$0$U-W-SFWD-WV; ; ,Mid Embarcadero Renovation,UNK,89413251-7639-44D4-8F79-26C1D5DC75CD
POINT (-122.38864258468 37.7901714989317),285,,,,,0,VALVE,1,,0,,2011-02-03T00:00:00.000,JS,{EA14377C-E291-4E8F-80EF-37D7E0EF06CF},E-UTIL14$0$U-W-SFWD-WV; ; ,Mid Embarcadero Renovation,UNK,EA14377C-E291-4E8F-80EF-37D7E0EF06CF
POINT (-122.394949252011 37.7944771137017),286,,,,,0,VALVE,1,,0,,2011-02-03T00:00:00.000,JS,{9D34B527-014E-49F0-A7DE-BF0DB6B31630},E-UTIL14$0$U-W-SFWD-WV; ; ,Mid Embarcadero Renovation,UNK,9D34B527-014E-49F0-A7DE-BF0DB6B31630
POINT (-122.396976682258 37.7960676225496),287,,,,,0,VALVE,1,,0,,2011-02-03T00:00:00.000,JS,{4FFE7733-BDE2-41BA-8098-9D65559D67D6},E-UTIL14$0$U-W-SFWD-WV; ; ,Mid Embarcadero Renovation,UNK,4FFE7733-BDE2-41BA-8098-9D65559D67D6
POINT (-122.391529445594 37.7918534702635),288,,,,,0,VALVE,1,,0,,2011-02-03T00:00:00.000,JS,{816E7B49-E9BC-4A88-9AAB-A66AD0476552},E-UTIL14$0$U-W-SFWD-WV; ; ,Mid Embarcadero Renovation,UNK,816E7B49-E9BC-4A88-9AAB-A66AD0476552
POINT (-122.397994911392 37.7952556653042),289,,,,,0,VALVE,1,,0,,2011-02-03T00:00:00.000,JS,{DAC97EFA-060A-42E9-AC1E-EC689B5B0982},E-UTIL14$0$U-W-SFWD-WV; ; ,Mid Embarcadero Renovation,UNK,DAC97EFA-060A-42E9-AC1E-EC689B5B0982
POINT (-122.39445735668 37.7950246516394),290,,,,,0,VALVE,1,,0,,2011-02-03T00:00:00.000,JS,{A4426155-9160-4D3A-B591-7D8571EB1531},E-UTIL14$0$U-W-SFWD-WV; ; ,Mid Embarcadero Renovation,UNK,A4426155-9160-4D3A-B591-7D8571EB1531
POINT (-122.395902985236 37.7965186755239),291,,,,,0,VALVE,1,,0,,2011-02-03T00:00:00.000,JS,{C9D74EB4-2937-4E08-8736-7427E4B32EAC},E-UTIL14$0$U-W-SFWD-WV; ; ,Mid Embarcadero Renovation,UNK,C9D74EB4-2937-4E08-8736-7427E4B32EAC
POINT (-122.396371981659 37.7981088482118),292,,,,,0,VALVE,1,,0,,2011-02-03T00:00:00.000,JS,{8687F05B-1415-49D5-A235-E0F17DD0DF01},E-UTIL14$0$U-W-SFWD-WV; ; ,Mid Embarcadero Renovation,UNK,8687F05B-1415-49D5-A235-E0F17DD0DF01
POINT (-122.389368654808 37.7887116247423),293,,,,,0,VALVE,1,,0,,2011-02-03T00:00:00.000,JS,{68F2FB5D-2C54-4225-BE00-A9274826C3D4},E-UTIL14$0$U-W-SFWD-WV; ; ,Mid Embarcadero Renovation,UNK,68F2FB5D-2C54-4225-BE00-A9274826C3D4
POINT (-122.398162962063 37.7959338134481),294,,,,,0,VALVE,1,,0,,2011-02-03T00:00:00.000,JS,{3727F62B-55A0-4A67-85CF-F5D4AD6A2093},E-UTIL14$0$U-W-SFWD-WV; ; ,Mid Embarcadero Renovation,UNK,3727F62B-55A0-4A67-85CF-F5D4AD6A2093
POINT (-122.394399791706 37.7960622759745),295,,,,,0,VALVE,1,,0,,2011-02-03T00:00:00.000,JS,{8A125AC1-0C4A-4D26-B3D6-C4BC534CBD1E},E-UTIL14$0$U-W-SFWD-WV; ; ,Mid Embarcadero Renovation,UNK,8A125AC1-0C4A-4D26-B3D6-C4BC534CBD1E
POINT (-122.390932963219 37.7913427945976),296,,,,,0,VALVE,1,,0,,2011-02-03T00:00:00.000,JS,{6B817665-869B-4D94-8E20-E42007E9CFF7},E-UTIL14$0$U-W-SFWD-WV; ; ,Mid Embarcadero Renovation,UNK,6B817665-869B-4D94-8E20-E42007E9CFF7
POINT (-122.393960890463 37.7937155329809),297,,,,,0,VALVE,1,,0,,2011-02-03T00:00:00.000,JS,{11ABDCE9-5BBB-43FA-B3B8-0E608641FBD5},E-UTIL14$0$U-W-SFWD-WV; ; ,Mid Embarcadero Renovation,UNK,11ABDCE9-5BBB-43FA-B3B8-0E608641FBD5
POINT (-122.389402230775 37.7913292114691),298,,,,,0,VALVE,1,,0,,2011-02-03T00:00:00.000,JS,{B77509C2-B83A-4EFF-A8A8-1100056EFB4E},E-UTIL14$0$U-W-SFWD-WV; ; ,Mid Embarcadero Renovation,UNK,B77509C2-B83A-4EFF-A8A8-1100056EFB4E
POINT (-122.389285701794 37.7887914691007),299,,,,,0,VALVE,1,,0,,2011-02-03T00:00:00.000,JS,{77396AD5-48C6-4F5C-9402-EDB7FB0374C9},E-UTIL14$0$U-W-SFWD-WV; ; ,Mid Embarcadero Renovation,UNK,77396AD5-48C6-4F5C-9402-EDB7FB0374C9
POINT (-122.396691236958 37.7956078119123),300,,,,,0,VALVE,1,,0,,2011-02-03T00:00:00.000,JS,{D43CCF8D-5B52-4049-B92E-1564A89BC7AE},E-UTIL14$0$U-W-SFWD-WV; ; ,Mid Embarcadero Renovation,UNK,D43CCF8D-5B52-4049-B92E-1564A89BC7AE
POINT (-122.39732791538 37.799159610081),301,,,,,0,VALVE,1,,0,,2011-02-03T00:00:00.000,JS,{4EA4E13C-277D-4703-A5F2-768298D6C643},E-UTIL14$0$U-W-SFWD-WV; ; ,Mid Embarcadero Renovation,UNK,4EA4E13C-277D-4703-A5F2-768298D6C643
POINT (-122.389702874529 37.791249717679),302,,,,,0,VALVE,1,,0,,2011-02-03T00:00:00.000,JS,{15077C41-1F32-4DFA-911C-4177FD370EA7},E-UTIL14$0$U-W-SFWD-WV; ; ,Mid Embarcadero Renovation,UNK,15077C41-1F32-4DFA-911C-4177FD370EA7
POINT (-122.390165677349 37.7907295505904),303,,,,,0,VALVE,1,,0,,2011-02-03T00:00:00.000,JS,{F24B756E-19D7-4730-AE33-75E16F90F583},E-UTIL14$0$U-W-SFWD-WV; ; ,Mid Embarcadero Renovation,UNK,F24B756E-19D7-4730-AE33-75E16F90F583
POINT (-122.388637649158 37.7901726990904),304,,,,,0,VALVE,1,,0,,2011-02-03T00:00:00.000,JS,{663F19F5-C473-4692-AED0-94331196B291},E-UTIL14$0$U-W-SFWD-WV; ; ,Mid Embarcadero Renovation,UNK,663F19F5-C473-4692-AED0-94331196B291
POINT (-122.393247464993 37.7949803624554),305,,,,,0,VALVE,1,,0,,2011-02-03T00:00:00.000,JS,{3FCDBAFC-0031-4423-BBEE-8D72E84E34E0},E-UTIL14$0$U-W-SFWD-WV; ; ,Mid Embarcadero Renovation,UNK,3FCDBAFC-0031-4423-BBEE-8D72E84E34E0
POINT (-122.393479366218 37.7942787895185),306,,,,,0,VALVE,1,,0,,2011-02-03T00:00:00.000,JS,{0FA4EC60-3566-46C1-8646-0F8D6D7AC293},E-UTIL14$0$U-W-SFWD-WV; ; ,Mid Embarcadero Renovation,UNK,0FA4EC60-3566-46C1-8646-0F8D6D7AC293
POINT (-122.397847144827 37.7953120035643),307,,,,,0,VALVE,1,,0,,2011-02-03T00:00:00.000,JS,{75812685-17DF-463B-B656-0B53BBE7BBF0},E-UTIL14$0$U-W-SFWD-WV; ; ,Mid Embarcadero Renovation,UNK,75812685-17DF-463B-B656-0B53BBE7BBF0
POINT (-122.390266059023 37.7907026219256),308,,,,,0,VALVE,1,,0,,2011-02-03T00:00:00.000,JS,{40AAC363-4DA8-4B30-BCC9-14529CDF0AC2},E-UTIL14$0$U-W-SFWD-WV; ; ,Mid Embarcadero Renovation,UNK,40AAC363-4DA8-4B30-BCC9-14529CDF0AC2
POINT (-122.398106976566 37.7956739225652),309,,,,,0,VALVE,1,,0,,2011-02-03T00:00:00.000,JS,{835D8ECC-5E6B-4F4B-B39C-960D48769D4D},E-UTIL14$0$U-W-SFWD-WV; ; ,Mid Embarcadero Renovation,UNK,835D8ECC-5E6B-4F4B-B39C-960D48769D4D
POINT (-122.390140698386 37.7908048694154),310,,,,,0,VALVE,1,,0,,2011-02-03T00:00:00.000,JS,{1FE26429-E124-4F7E-A482-5A2F863BE05E},E-UTIL14$0$U-W-SFWD-WV; ; ,Mid Embarcadero Renovation,UNK,1FE26429-E124-4F7E-A482-5A2F863BE05E
POINT (-122.389276577167 37.7888885457589),311,,,,,0,VALVE,1,,0,,2011-02-03T00:00:00.000,JS,{09B28E6B-92E1-4C36-8551-BF80ADC74C6F},E-UTIL14$0$U-W-SFWD-WV; ; ,Mid Embarcadero Renovation,UNK,09B28E6B-92E1-4C36-8551-BF80ADC74C6F
POINT (-122.396826680349 37.7954434867568),312,,,,,0,VALVE,1,,0,,2011-02-03T00:00:00.000,JS,{F176AAA9-7738-4A48-A939-2CBE12FC2196},E-UTIL14$0$U-W-SFWD-WV; ; ,Mid Embarcadero Renovation,UNK,F176AAA9-7738-4A48-A939-2CBE12FC2196
POINT (-122.389564194687 37.7887951163738),313,,,,,0,VALVE,1,,0,,2011-02-03T00:00:00.000,JS,{07574BBC-5034-4D93-B002-0387E9B392B1},E-UTIL14$0$U-W-SFWD-WV; ; ,Mid Embarcadero Renovation,UNK,07574BBC-5034-4D93-B002-0387E9B392B1
POINT (-122.398165599417 37.7962436510462),314,,,,,0,VALVE,1,,0,,2011-02-03T00:00:00.000,JS,{D881FE1E-0EFE-46D3-A3C7-D9796228D836},E-UTIL14$0$U-W-SFWD-WV; ; ,Mid Embarcadero Renovation,UNK,D881FE1E-0EFE-46D3-A3C7-D9796228D836
POINT (-122.393115577452 37.7933324382786),315,,,,,0,VALVE,1,,0,,2011-02-03T00:00:00.000,JS,{3A0336D5-4A4D-4B38-9C57-7648D31859BA},E-UTIL14$0$U-W-SFWD-WV; ; ,Mid Embarcadero Renovation,UNK,3A0336D5-4A4D-4B38-9C57-7648D31859BA
POINT (-122.392700253864 37.7935195825173),316,,,,,0,VALVE,1,,0,,2011-02-03T00:00:00.000,JS,{FED690C1-1DFC-4AAB-A806-2D04CFF8B5AD},E-UTIL14$0$U-W-SFWD-WV; ; ,Mid Embarcadero Renovation,UNK,FED690C1-1DFC-4AAB-A806-2D04CFF8B5AD
POINT (-122.398559787739 37.7988456902931),317,,,,,0,VALVE,1,,0,,2011-02-03T00:00:00.000,JS,{209C97FC-A0BA-4C40-83C3-3AB1799854DE},E-UTIL14$0$U-W-SFWD-WV; ; ,Mid Embarcadero Renovation,UNK,209C97FC-A0BA-4C40-83C3-3AB1799854DE
POINT (-122.392271526249 37.7924397151751),318,,,,,0,VALVE,1,,0,,2011-02-03T00:00:00.000,JS,{129591B9-04E4-4417-A66C-B52172019466},E-UTIL14$0$U-W-SFWD-WV; ; ,Mid Embarcadero Renovation,UNK,129591B9-04E4-4417-A66C-B52172019466
POINT (-122.41591822101 37.8089279795577),319,,,,,0,VALVE,1,,0,,2011-02-03T00:00:00.000,JS,{64709D8A-9296-4818-8E73-9A4AE7E28381},WATERVALVE; ; ,1498J_TaylorSt_Improvements_UT-REF,ACT,64709D8A-9296-4818-8E73-9A4AE7E28381
POINT (-122.391729793135 37.7919771671551),320,,,,,0,VALVE,1,,0,,2011-02-03T00:00:00.000,JS,{50BFE273-1ADD-4BC5-A3FD-8BC0342C0117},E-UTIL14$0$U-W-SFWD-WV; ; ,Mid Embarcadero Renovation,UNK,50BFE273-1ADD-4BC5-A3FD-8BC0342C0117
POINT (-122.398254272606 37.7961288712867),321,,,,,0,VALVE,1,,0,,2011-02-03T00:00:00.000,JS,{E3F3196A-5920-4F78-9875-7F71681EF3DC},E-UTIL14$0$U-W-SFWD-WV; ; ,Mid Embarcadero Renovation,UNK,E3F3196A-5920-4F78-9875-7F71681EF3DC
POINT (-122.39688844019 37.7963773980768),322,,,,,0,VALVE,1,,0,,2011-02-03T00:00:00.000,JS,{5D9DECAA-E1AA-4CED-8E37-B90630F53BF4},E-UTIL14$0$U-W-SFWD-WV; ; ,Mid Embarcadero Renovation,UNK,5D9DECAA-E1AA-4CED-8E37-B90630F53BF4
POINT (-122.393884196515 37.7946064727513),323,,,,,0,VALVE,1,,0,,2011-02-03T00:00:00.000,JS,{01ED9C4D-AAFE-4577-84CF-6E7C9C6D94D6},E-UTIL14$0$U-W-SFWD-WV; ; ,Mid Embarcadero Renovation,UNK,01ED9C4D-AAFE-4577-84CF-6E7C9C6D94D6
POINT (-122.398023007616 37.7952284399294),324,,,,,0,VALVE,1,,0,,2011-02-03T00:00:00.000,JS,{22A6423A-AC13-4B4E-A3E0-CF8D56DAFAAD},E-UTIL14$0$U-W-SFWD-WV; ; ,Mid Embarcadero Renovation,UNK,22A6423A-AC13-4B4E-A3E0-CF8D56DAFAAD
POINT (-122.397998640582 37.7951119614483),325,,,,,0,VALVE,1,,0,,2011-02-03T00:00:00.000,JS,{339545AA-8322-4B1A-818C-2C21E0BABBC4},E-UTIL14$0$U-W-SFWD-WV; ; ,Mid Embarcadero Renovation,UNK,339545AA-8322-4B1A-818C-2C21E0BABBC4
POINT (-122.395708772381 37.7965917163793),326,,,,,0,VALVE,1,,0,,2011-02-03T00:00:00.000,JS,{99DA062B-17C4-4F33-BA04-6537DB0CBD29},E-UTIL14$0$U-W-SFWD-WV; ; ,Mid Embarcadero Renovation,UNK,99DA062B-17C4-4F33-BA04-6537DB0CBD29
POINT (-122.397349578447 37.7991289746045),327,,,,,0,VALVE,1,,0,,2011-02-03T00:00:00.000,JS,{876592C8-CD57-42FF-A60B-A9FEA69D4FA2},E-UTIL14$0$U-W-SFWD-WV; ; ,Mid Embarcadero Renovation,UNK,876592C8-CD57-42FF-A60B-A9FEA69D4FA2
POINT (-122.39684991574 37.7954732341205),328,,,,,0,VALVE,1,,0,,2011-02-03T00:00:00.000,JS,{6D116A1A-FCD3-4329-8240-20C7790EDC50},E-UTIL14$0$U-W-SFWD-WV; ; ,Mid Embarcadero Renovation,UNK,6D116A1A-FCD3-4329-8240-20C7790EDC50
POINT (-122.389483156801 37.788948973527),329,,,,,0,VALVE,1,,0,,2011-02-03T00:00:00.000,JS,{A57A5030-F565-4787-9BB4-2279FFD1A0F2},E-UTIL14$0$U-W-SFWD-WV; ; ,Mid Embarcadero Renovation,UNK,A57A5030-F565-4787-9BB4-2279FFD1A0F2
POINT (-122.394359671524 37.7960045762346),330,,,,,0,VALVE,1,,0,,2011-02-03T00:00:00.000,JS,{DD67D440-61C9-438A-975D-CA063A2205C3},E-UTIL14$0$U-W-SFWD-WV; ; ,Mid Embarcadero Renovation,UNK,DD67D440-61C9-438A-975D-CA063A2205C3
POINT (-122.397851923513 37.7953113688047),331,,,,,0,VALVE,1,,0,,2011-02-03T00:00:00.000,JS,{E964B42F-AAE9-47D3-A6AD-0BB656ACE937},E-UTIL14$0$U-W-SFWD-WV; ; ,Mid Embarcadero Renovation,UNK,E964B42F-AAE9-47D3-A6AD-0BB656ACE937
POINT (-122.389368654808 37.7887116247423),332,,,,,0,VALVE,1,,0,,2011-02-03T00:00:00.000,JS,{82BB4F88-B8FD-43DB-B8BA-67F27DD8F5D0},E-UTIL14$0$U-W-SFWD-WV; ; ,Mid Embarcadero Renovation,UNK,82BB4F88-B8FD-43DB-B8BA-67F27DD8F5D0
POINT (-122.396213056484 37.7969128164987),333,,,,,0,VALVE,1,,0,,2011-02-03T00:00:00.000,JS,{4BEBEF15-9D19-4638-8075-29F63848D784},E-UTIL14$0$U-W-SFWD-WV; ; ,Mid Embarcadero Renovation,UNK,4BEBEF15-9D19-4638-8075-29F63848D784
POINT (-122.396867956286 37.7963801022689),334,,,,,0,VALVE,1,,0,,2011-02-03T00:00:00.000,JS,{53DF7421-5EB3-44F4-8C16-E608994227CE},E-UTIL14$0$U-W-SFWD-WV; ; ,Mid Embarcadero Renovation,UNK,53DF7421-5EB3-44F4-8C16-E608994227CE
POINT (-122.39312199062 37.7933593012968),335,,,,,0,VALVE,1,,0,,2011-02-03T00:00:00.000,JS,{7B06399B-59B8-4F8A-85BD-F6FF474FE781},E-UTIL14$0$U-W-SFWD-WV; ; ,Mid Embarcadero Renovation,UNK,7B06399B-59B8-4F8A-85BD-F6FF474FE781
POINT (-122.393098045626 37.7930977970446),336,,,,,0,VALVE,1,,0,,2011-02-03T00:00:00.000,JS,{2941228B-4E35-4BE5-A256-CCDE54CC36FC},E-UTIL14$0$U-W-SFWD-WV; ; ,Mid Embarcadero Renovation,UNK,2941228B-4E35-4BE5-A256-CCDE54CC36FC
POINT (-122.394297633607 37.7949055003093),337,,,,,0,VALVE,1,,0,,2011-02-03T00:00:00.000,JS,{3BC40A2C-7A31-44D8-B626-5CE0CAFE5E3E},E-UTIL14$0$U-W-SFWD-WV; ; ,Mid Embarcadero Renovation,UNK,3BC40A2C-7A31-44D8-B626-5CE0CAFE5E3E
POINT (-122.397308215199 37.7991361225058),338,,,,,0,VALVE,1,,0,,2011-02-03T00:00:00.000,JS,{1B29338E-0305-428B-B4CC-C5587F9D4760},E-UTIL14$0$U-W-SFWD-WV; ; ,Mid Embarcadero Renovation,UNK,1B29338E-0305-428B-B4CC-C5587F9D4760
POINT (-122.390132422414 37.7908114907848),339,,,,,0,VALVE,1,,0,,2011-02-03T00:00:00.000,JS,{1D9D42D5-227C-4A65-99BA-597EF72CBB07},E-UTIL14$0$U-W-SFWD-WV; ; ,Mid Embarcadero Renovation,UNK,1D9D42D5-227C-4A65-99BA-597EF72CBB07
POINT (-122.394402212825 37.7960509611524),340,,,,,0,VALVE,1,,0,,2011-02-03T00:00:00.000,JS,{C3477B7A-AC75-433D-96C3-834BB3F6563C},E-UTIL14$0$U-W-SFWD-WV; ; ,Mid Embarcadero Renovation,UNK,C3477B7A-AC75-433D-96C3-834BB3F6563C
POINT (-122.394021494537 37.7938330352227),341,,,,,0,VALVE,1,,0,,2011-02-03T00:00:00.000,JS,{B702DE24-890A-45A5-BD74-A3216CC2315F},E-UTIL14$0$U-W-SFWD-WV; ; ,Mid Embarcadero Renovation,UNK,B702DE24-890A-45A5-BD74-A3216CC2315F
POINT (-122.391765637112 37.7920462023856),342,,,,,0,VALVE,1,,0,,2011-02-03T00:00:00.000,JS,{F60F437B-23F1-4E8B-8BE8-CA69C7FCEF13},E-UTIL14$0$U-W-SFWD-WV; ; ,Mid Embarcadero Renovation,UNK,F60F437B-23F1-4E8B-8BE8-CA69C7FCEF13
POINT (-122.394030084299 37.7938398735112),343,,,,,0,VALVE,1,,0,,2011-02-03T00:00:00.000,JS,{BD419034-8FE1-44CF-9073-B9A97C04ECD3},E-UTIL14$0$U-W-SFWD-WV; ; ,Mid Embarcadero Renovation,UNK,BD419034-8FE1-44CF-9073-B9A97C04ECD3
POINT (-122.396957922081 37.7953922488157),344,,,,,0,VALVE,1,,0,,2011-02-03T00:00:00.000,JS,{C5BAF1A2-C37C-47D4-A255-9AB299A4A921},E-UTIL14$0$U-W-SFWD-WV; ; ,Mid Embarcadero Renovation,UNK,C5BAF1A2-C37C-47D4-A255-9AB299A4A921
POINT (-122.389332834208 37.7889739152763),345,,,,,0,VALVE,1,,0,,2011-02-03T00:00:00.000,JS,{191BBCE2-4AD3-40D2-9CA1-09908B8A4267},E-UTIL14$0$U-W-SFWD-WV; ; ,Mid Embarcadero Renovation,UNK,191BBCE2-4AD3-40D2-9CA1-09908B8A4267
POINT (-122.389981179307 37.7909317184546),346,,,,,0,VALVE,1,,0,,2011-02-03T00:00:00.000,JS,{6FCA0605-D987-4EFC-B12F-4DA7D2D8A471},E-UTIL14$0$U-W-SFWD-WV; ; ,Mid Embarcadero Renovation,UNK,6FCA0605-D987-4EFC-B12F-4DA7D2D8A471
POINT (-122.398067219055 37.7954397847608),347,,,,,0,VALVE,1,,0,,2011-02-03T00:00:00.000,JS,{D8114AF7-D8CF-43CB-A963-8D6B50A324C5},E-UTIL14$0$U-W-SFWD-WV; ; ,Mid Embarcadero Renovation,UNK,D8114AF7-D8CF-43CB-A963-8D6B50A324C5
POINT (-122.394485947444 37.795048900753),348,,,,,0,VALVE,1,,0,,2011-02-03T00:00:00.000,JS,{93BF302B-0AEA-44D4-B394-7D2D9DB76E2A},E-UTIL14$0$U-W-SFWD-WV; ; ,Mid Embarcadero Renovation,UNK,93BF302B-0AEA-44D4-B394-7D2D9DB76E2A
POINT (-122.390206443428 37.7907764169391),349,,,,,0,VALVE,1,,0,,2011-02-03T00:00:00.000,JS,{D98AF71B-2548-45DC-B92A-5B3253DCE369},E-UTIL14$0$U-W-SFWD-WV; ; ,Mid Embarcadero Renovation,UNK,D98AF71B-2548-45DC-B92A-5B3253DCE369
POINT (-122.390264236291 37.7908083945081),350,,,,,0,VALVE,1,,0,,2011-02-03T00:00:00.000,JS,{B4FC515B-B635-43D5-BF22-55AD4EC63640},E-UTIL14$0$U-W-SFWD-WV; ; ,Mid Embarcadero Renovation,UNK,B4FC515B-B635-43D5-BF22-55AD4EC63640
POINT (-122.391580718828 37.7918620797981),351,,,,,0,VALVE,1,,0,,2011-02-03T00:00:00.000,JS,{D0F19C1B-EAF8-4AD6-B7BA-E9573807EDDE},E-UTIL14$0$U-W-SFWD-WV; ; ,Mid Embarcadero Renovation,UNK,D0F19C1B-EAF8-4AD6-B7BA-E9573807EDDE
POINT (-122.397322693019 37.7991533369764),352,,,,,0,VALVE,1,,0,,2011-02-03T00:00:00.000,JS,{709A06E7-F753-44F9-8254-E756E3F9A2C2},E-UTIL14$0$U-W-SFWD-WV; ; ,Mid Embarcadero Renovation,UNK,709A06E7-F753-44F9-8254-E756E3F9A2C2
POINT (-122.398035423849 37.7962347489506),353,,,,,0,VALVE,1,,0,,2011-02-03T00:00:00.000,JS,{82638248-1E9C-4419-9092-8FF85BEEB0E5},E-UTIL14$0$U-W-SFWD-WV; ; ,Mid Embarcadero Renovation,UNK,82638248-1E9C-4419-9092-8FF85BEEB0E5
POINT (-122.3900467572 37.7906354150194),354,,,,,0,VALVE,1,,0,,2011-02-03T00:00:00.000,JS,{7BCB006F-3043-48FE-8459-D7B7C5D17DB6},E-UTIL14$0$U-W-SFWD-WV; ; ,Mid Embarcadero Renovation,UNK,7BCB006F-3043-48FE-8459-D7B7C5D17DB6
POINT (-122.391740634733 37.7919842840008),355,,,,,0,VALVE,1,,0,,2011-02-03T00:00:00.000,JS,{EAC69E89-0355-4AD7-84C0-624DAA5EC0CC},E-UTIL14$0$U-W-SFWD-WV; ; ,Mid Embarcadero Renovation,UNK,EAC69E89-0355-4AD7-84C0-624DAA5EC0CC
POINT (-122.391729793135 37.7919771671551),356,,,,,0,VALVE,1,,0,,2011-02-03T00:00:00.000,JS,{854BA927-2D5D-4B9D-B355-2A077774D3C2},E-UTIL14$0$U-W-SFWD-WV; ; ,Mid Embarcadero Renovation,UNK,854BA927-2D5D-4B9D-B355-2A077774D3C2
POINT (-122.39733832271 37.7991353587243),357,,,,,0,VALVE,1,,0,,2011-02-03T00:00:00.000,JS,{302E0101-8615-47E2-9D9D-0B188C9F3EA6},E-UTIL14$0$U-W-SFWD-WV; ; ,Mid Embarcadero Renovation,UNK,302E0101-8615-47E2-9D9D-0B188C9F3EA6
POINT (-122.393281407886 37.7949585579596),358,,,,,0,VALVE,1,,0,,2011-02-03T00:00:00.000,JS,{4961E627-5704-4428-938C-B95AA02C5025},E-UTIL14$0$U-W-SFWD-WV; ; ,Mid Embarcadero Renovation,UNK,4961E627-5704-4428-938C-B95AA02C5025
POINT (-122.396982723891 37.7958888605784),359,,,,,0,VALVE,1,,0,,2011-02-03T00:00:00.000,JS,{54C36CEC-EB50-41FD-9F05-A79321CAF0F4},E-UTIL14$0$U-W-SFWD-WV; ; ,Mid Embarcadero Renovation,UNK,54C36CEC-EB50-41FD-9F05-A79321CAF0F4